SSC_CODE_2016,Count_hom_Census_Nt_15_24_yr,Count_hom_Census_Nt_25_34_yr,Counted_home_Census_Night_Tot,Total_15_24_yr,Total_25_34_yr,Total_Total
SSC20001,0,0,0,0,0,0
SSC20002,909,3013,7769,959,3114,8087
SSC20003,620,349,3770,635,362,3868
SSC20004,0,0,0,0,0,0
SSC20005,5,5,143,9,7,143
SSC20006,0,0,0,0,0,0
SSC20007,8,4,56,8,4,62
SSC20008,0,3,61,0,3,61
SSC20009,5,4,76,3,4,76
SSC20010,5,7,51,5,7,51
SSC20011,0,0,0,0,0,0
SSC20012,61,46,708,76,61,782
SSC20013,9,13,128,16,15,140
SSC20014,682,1186,7250,708,1224,7452
SSC20015,0,0,0,0,0,0
SSC20016,696,804,5322,726,833,5457
SSC20017,454,707,5815,473,741,6028
SSC20018,23,19,238,23,19,241
SSC20019,8,3,73,8,3,72
SSC20020,607,1169,4634,620,1198,4751
SSC20021,209,227,2461,230,243,2575
SSC20022,1236,1046,8699,1306,1104,9013
SSC20023,3,0,19,3,0,20
SSC20024,9,3,93,9,3,94
SSC20025,6,5,72,10,5,74
SSC20026,35,14,299,39,14,308
SSC20027,190,150,1436,198,157,1478
SSC20028,14,13,161,13,9,168
SSC20029,14,11,128,14,13,135
SSC20030,12,14,188,12,13,197
SSC20031,0,3,16,0,3,20
SSC20032,3,5,42,3,5,42
SSC20033,693,728,4846,712,752,4999
SSC20034,905,1389,10346,941,1441,10563
SSC20035,2234,2986,18511,2292,3050,18874
SSC20036,1242,1796,11779,1288,1850,12074
SSC20037,13,12,119,15,12,131
SSC20038,4,3,58,4,3,65
SSC20039,0,0,0,0,0,0
SSC20040,29,13,220,25,13,221
SSC20041,63,42,649,64,42,666
SSC20042,7,0,75,7,3,74
SSC20043,3,3,28,3,3,28
SSC20044,3,0,13,3,0,13
SSC20045,184,186,2284,198,206,2473
SSC20046,0,0,19,0,0,19
SSC20047,11,8,60,7,8,58
SSC20048,118,148,1365,137,183,1580
SSC20049,0,0,11,0,0,11
SSC20050,0,3,29,0,6,29
SSC20051,10,11,254,13,14,269
SSC20052,844,920,7796,918,1025,8275
SSC20053,4,3,75,8,5,79
SSC20054,0,0,0,0,0,0
SSC20055,23,15,210,26,15,217
SSC20056,5,4,64,10,10,74
SSC20057,0,5,25,0,5,25
SSC20058,0,0,6,0,0,6
SSC20059,0,3,17,0,3,16
SSC20060,0,0,16,0,0,16
SSC20061,333,601,2971,343,628,3102
SSC20062,56,65,445,59,77,475
SSC20063,3,0,30,3,0,31
SSC20064,22,11,207,20,14,218
SSC20065,1010,1798,8539,1052,1864,8836
SSC20066,11,6,81,7,6,83
SSC20067,505,1111,4093,521,1137,4175
SSC20068,5,3,47,5,3,48
SSC20069,3,0,22,3,0,26
SSC20070,62,28,470,66,28,477
SSC20071,26,26,355,26,31,365
SSC20072,10,6,94,10,4,97
SSC20073,252,259,1883,258,266,1926
SSC20074,1604,2787,14187,1670,2883,14587
SSC20075,13,3,190,8,7,206
SSC20076,914,716,7439,942,749,7625
SSC20077,793,1049,6645,811,1065,6778
SSC20078,705,686,6598,726,715,6724
SSC20079,964,565,6311,979,574,6420
SSC20080,23,13,122,19,13,128
SSC20081,542,320,3333,563,351,3494
SSC20082,4,0,10,4,0,10
SSC20083,3,0,13,3,0,13
SSC20084,58,18,282,62,18,287
SSC20085,97,86,979,103,92,1004
SSC20086,84,94,1130,89,91,1169
SSC20087,3,0,7,3,0,7
SSC20088,1136,1384,11242,1174,1433,11539
SSC20089,3,5,38,3,5,38
SSC20090,97,88,790,106,88,813
SSC20091,41,14,349,49,14,358
SSC20092,92,80,774,96,78,796
SSC20093,0,8,40,0,8,40
SSC20094,687,661,6092,721,701,6281
SSC20095,40,29,317,43,27,326
SSC20096,161,172,1482,173,186,1553
SSC20097,0,0,8,0,0,8
SSC20098,27,34,277,27,34,281
SSC20099,3,3,32,3,3,34
SSC20100,3,0,34,3,0,42
SSC20101,4,4,99,4,4,104
SSC20102,837,851,7074,906,933,7554
SSC20103,31,27,152,40,34,210
SSC20104,539,1520,5141,566,1555,5268
SSC20105,14,12,87,14,12,87
SSC20106,4,5,61,4,5,66
SSC20107,301,267,2832,312,271,2919
SSC20108,4,6,54,4,6,56
SSC20109,0,0,10,0,0,10
SSC20110,703,761,4982,781,846,5540
SSC20111,697,731,5265,741,764,5470
SSC20112,421,437,3692,446,457,3813
SSC20113,13,6,102,13,6,111
SSC20114,29,27,279,29,27,286
SSC20115,5,13,146,5,13,143
SSC20116,0,6,67,0,6,67
SSC20117,3,5,98,3,5,105
SSC20118,23,16,258,25,12,263
SSC20119,215,196,2109,227,205,2179
SSC20120,25,17,377,30,17,410
SSC20121,0,0,4,0,0,4
SSC20122,2009,1304,12745,2053,1350,13020
SSC20123,3218,1628,19660,3266,1694,20015
SSC20124,51,45,478,54,53,496
SSC20125,23,17,221,23,17,229
SSC20126,8,7,93,8,7,98
SSC20127,3,10,37,3,10,37
SSC20128,154,123,578,229,194,780
SSC20129,3,5,50,3,5,52
SSC20130,28,27,753,31,29,770
SSC20131,0,4,40,0,4,40
SSC20132,580,651,5074,610,669,5203
SSC20133,3,0,25,3,4,32
SSC20134,6,6,28,6,6,28
SSC20135,215,243,2245,226,251,2311
SSC20136,8,3,72,11,9,76
SSC20137,11,22,198,11,22,198
SSC20138,3,0,16,3,0,22
SSC20139,6,6,109,6,6,115
SSC20140,44,34,431,45,40,436
SSC20141,0,0,39,0,0,44
SSC20142,6,0,38,6,0,46
SSC20143,24,18,258,21,22,269
SSC20144,0,0,7,0,0,7
SSC20145,94,92,846,103,96,871
SSC20146,24,7,154,25,7,172
SSC20147,18,18,121,18,18,123
SSC20148,47,27,405,49,25,412
SSC20149,8,20,218,8,20,226
SSC20150,23,21,222,23,24,225
SSC20151,0,0,18,0,0,18
SSC20152,0,3,7,0,3,10
SSC20153,0,5,37,0,5,37
SSC20154,0,0,10,0,0,10
SSC20155,3,8,38,3,8,38
SSC20156,0,0,20,0,0,20
SSC20157,0,0,8,0,0,8
SSC20158,3,0,102,3,0,98
SSC20159,10,11,202,11,11,214
SSC20160,6,7,119,6,7,123
SSC20161,299,226,3530,330,239,3685
SSC20162,0,0,13,0,0,15
SSC20163,45,26,344,44,27,355
SSC20164,132,42,915,138,43,941
SSC20165,7,0,59,7,0,62
SSC20166,0,0,0,0,0,0
SSC20167,7,3,31,39,37,195
SSC20168,267,302,2051,285,316,2113
SSC20169,0,0,18,0,0,18
SSC20170,53,28,442,56,29,452
SSC20171,9,8,103,11,8,107
SSC20172,1253,1939,11326,1294,2010,11599
SSC20173,938,1430,8455,974,1484,8654
SSC20174,1041,549,6475,1071,578,6614
SSC20175,350,201,2702,357,206,2757
SSC20176,12,12,191,12,17,195
SSC20177,3,8,132,3,8,150
SSC20178,10,3,62,10,3,64
SSC20179,3,6,44,3,6,44
SSC20180,96,126,1440,109,137,1539
SSC20181,1620,657,12754,1653,700,12959
SSC20182,0,0,21,0,0,21
SSC20183,30,38,346,37,36,358
SSC20184,9,5,81,9,8,89
SSC20185,255,291,3565,273,311,3761
SSC20186,3,0,19,3,7,26
SSC20187,441,466,3768,455,483,3856
SSC20188,173,127,1310,173,130,1329
SSC20189,220,143,1565,223,152,1608
SSC20190,543,713,4834,577,738,4987
SSC20191,554,598,4676,574,621,4802
SSC20192,25,14,159,25,14,165
SSC20193,0,0,0,0,0,0
SSC20194,61,53,801,65,62,838
SSC20195,33,21,340,37,21,353
SSC20196,9,0,57,9,0,57
SSC20197,197,339,1726,214,349,1770
SSC20198,0,0,0,0,0,0
SSC20199,13,0,118,13,0,118
SSC20200,1679,2076,13331,1768,2181,13767
SSC20201,0,0,48,3,3,60
SSC20202,15,20,250,21,24,259
SSC20203,1014,869,9635,1111,933,10072
SSC20204,3,3,127,6,11,133
SSC20205,8,3,63,11,3,65
SSC20206,25,14,271,23,10,274
SSC20207,700,752,5138,797,860,5808
SSC20208,9,6,103,5,6,105
SSC20209,6,3,59,6,3,63
SSC20210,0,3,45,0,3,45
SSC20211,12,5,128,12,5,127
SSC20212,8,3,42,8,3,42
SSC20213,2004,1810,15554,2052,1879,15892
SSC20214,2994,2823,26707,3064,2933,27368
SSC20215,0,0,7,0,0,7
SSC20216,12,14,141,12,14,138
SSC20217,5,3,38,5,3,38
SSC20218,18,7,157,18,10,163
SSC20219,0,0,28,0,0,31
SSC20220,15,14,155,15,14,160
SSC20221,3,3,41,5,3,42
SSC20222,12,12,148,10,12,156
SSC20223,6408,5086,46118,6584,5262,47074
SSC20224,8,9,88,8,9,90
SSC20225,15,8,129,15,14,131
SSC20226,10,9,86,10,9,86
SSC20227,0,0,12,0,0,12
SSC20228,56,25,436,56,29,449
SSC20229,5,3,93,5,3,90
SSC20230,25,39,294,25,43,305
SSC20231,29,32,314,29,32,329
SSC20232,219,419,2265,228,424,2320
SSC20233,0,0,3,0,0,3
SSC20234,18,52,233,19,57,266
SSC20235,3,0,24,3,0,29
SSC20236,9,0,66,8,0,71
SSC20237,5,3,49,7,3,48
SSC20238,0,0,0,0,0,0
SSC20239,0,0,9,0,0,12
SSC20240,9,3,53,6,3,49
SSC20241,11,9,126,9,9,127
SSC20242,0,0,0,0,0,0
SSC20243,65,74,665,65,83,687
SSC20244,0,0,3,0,0,3
SSC20245,85,53,593,89,53,610
SSC20246,64,81,790,69,83,813
SSC20247,407,363,3535,417,380,3612
SSC20248,269,317,2046,283,334,2107
SSC20249,9,9,184,13,7,202
SSC20250,600,398,5813,620,426,5952
SSC20251,1756,1668,13394,1805,1729,13703
SSC20252,893,885,7201,913,916,7328
SSC20253,1200,1164,10397,1227,1200,10616
SSC20254,0,3,21,0,3,21
SSC20255,17,22,267,15,24,286
SSC20256,132,108,2014,165,121,2195
SSC20257,0,4,28,0,4,34
SSC20258,18,18,194,19,18,196
SSC20259,140,157,1207,152,164,1252
SSC20260,11,10,82,11,10,85
SSC20261,0,4,21,3,4,25
SSC20262,5,3,83,5,3,83
SSC20263,4,3,65,4,11,68
SSC20264,3,0,5,10,14,63
SSC20265,0,4,57,0,6,64
SSC20266,4,4,61,9,4,72
SSC20267,0,0,6,0,0,6
SSC20268,0,0,13,0,0,13
SSC20269,31,20,268,34,22,276
SSC20270,0,0,0,0,0,0
SSC20271,18,7,187,18,7,188
SSC20272,0,0,13,0,0,13
SSC20273,43,44,547,41,51,572
SSC20274,3,0,25,3,0,32
SSC20275,11,10,99,12,10,103
SSC20276,0,3,47,0,3,47
SSC20277,499,913,6129,512,954,6309
SSC20278,329,98,653,356,133,748
SSC20279,54,32,328,67,41,470
SSC20280,0,3,29,0,3,29
SSC20281,42,30,508,48,38,541
SSC20282,39,8,192,39,8,196
SSC20283,24,12,146,24,10,147
SSC20284,0,0,0,0,0,0
SSC20285,0,0,15,0,0,15
SSC20286,91,62,909,102,68,931
SSC20287,9,9,132,9,9,132
SSC20288,0,0,0,0,0,0
SSC20289,0,0,23,0,0,25
SSC20290,0,3,21,0,3,21
SSC20291,0,0,13,0,0,13
SSC20292,13,13,133,13,16,141
SSC20293,7,6,126,7,6,130
SSC20294,0,0,13,0,0,13
SSC20295,3,6,40,4,6,42
SSC20296,10,8,128,9,14,136
SSC20297,0,3,42,0,3,43
SSC20298,53,52,790,58,55,836
SSC20299,14,15,95,14,15,95
SSC20300,4,6,67,5,6,62
SSC20301,3,3,25,3,3,26
SSC20302,2314,3394,21330,2416,3497,21857
SSC20303,5,0,77,5,0,78
SSC20304,5,12,82,7,12,84
SSC20305,402,674,3786,423,692,3879
SSC20306,10,4,120,8,7,142
SSC20307,20,8,162,16,8,175
SSC20308,3,9,39,3,9,39
SSC20309,6,3,37,9,3,42
SSC20310,5,5,89,11,7,95
SSC20311,4,0,47,4,0,47
SSC20312,2256,2720,11012,2351,2842,11792
SSC20313,1617,1803,11471,1670,1857,11703
SSC20314,1349,1108,8113,1405,1155,8300
SSC20315,3,4,20,3,4,20
SSC20316,0,0,9,0,0,9
SSC20317,0,4,52,0,4,52
SSC20318,5,0,19,6,0,28
SSC20319,4,4,89,4,8,91
SSC20320,29,27,331,33,35,338
SSC20321,0,3,14,0,3,14
SSC20322,1426,1768,8906,1501,1852,9338
SSC20323,3,5,41,4,5,43
SSC20324,113,147,944,122,152,980
SSC20325,4,21,143,4,21,158
SSC20326,3,0,28,3,0,28
SSC20327,4,0,44,4,0,44
SSC20328,101,108,1017,111,114,1058
SSC20329,287,373,2999,306,389,3081
SSC20330,4,5,88,4,11,91
SSC20331,10,8,126,10,6,136
SSC20332,3,3,50,9,3,48
SSC20333,27,23,311,24,23,323
SSC20334,173,161,2142,221,207,2546
SSC20335,2588,1873,21924,2681,1962,22742
SSC20336,1721,1071,15336,1767,1116,15644
SSC20337,22,12,152,22,14,163
SSC20338,0,0,4,0,0,4
SSC20339,4,0,48,4,0,48
SSC20340,15,0,79,15,0,79
SSC20341,0,0,12,0,0,12
SSC20342,3,4,34,8,4,29
SSC20343,514,531,4117,541,549,4234
SSC20344,1779,2157,11629,1831,2258,12009
SSC20345,17,7,86,22,7,90
SSC20346,4,3,31,4,3,31
SSC20347,3,0,39,3,0,42
SSC20348,3,3,53,3,3,53
SSC20349,1189,1513,8938,1238,1550,9145
SSC20350,198,475,1796,206,478,1830
SSC20351,0,0,5,0,0,5
SSC20352,27,11,221,29,16,234
SSC20353,18,6,134,20,6,140
SSC20354,363,547,3366,381,564,3463
SSC20355,8,7,93,15,7,99
SSC20356,3,10,68,3,12,76
SSC20357,11,9,103,11,9,111
SSC20358,0,0,4,0,0,4
SSC20359,3309,6937,23295,3459,7140,24176
SSC20360,1453,3690,11058,1502,3781,11315
SSC20361,1739,3415,13530,1802,3496,13880
SSC20362,79,59,764,84,64,783
SSC20363,6,3,96,9,3,98
SSC20364,18,17,219,18,17,226
SSC20365,8,6,79,8,6,81
SSC20366,13,11,126,14,11,141
SSC20367,31,6,196,30,6,209
SSC20368,3,0,24,3,0,24
SSC20369,3,0,42,6,0,49
SSC20370,0,0,0,0,0,0
SSC20371,20,12,140,21,13,151
SSC20372,0,0,3,0,0,3
SSC20373,31,20,249,33,20,248
SSC20374,37,13,241,36,13,251
SSC20375,6,4,79,6,4,81
SSC20376,0,0,0,0,0,3
SSC20377,0,0,3,0,0,3
SSC20378,3,3,34,3,3,35
SSC20379,66,55,647,66,59,667
SSC20380,3,3,17,3,3,17
SSC20381,20,5,92,20,5,92
SSC20382,4,3,74,4,3,71
SSC20383,3,0,28,3,0,30
SSC20384,1193,1170,10521,1226,1217,10756
SSC20385,54,48,615,62,52,643
SSC20386,5,3,68,5,3,64
SSC20387,0,4,30,0,4,30
SSC20388,72,40,524,71,42,543
SSC20389,21,5,155,21,5,155
SSC20390,11,3,70,16,3,80
SSC20391,21,24,262,23,29,277
SSC20392,18,15,175,17,19,183
SSC20393,35,18,382,42,25,406
SSC20394,4,4,36,7,3,44
SSC20395,0,0,0,0,0,0
SSC20396,3,6,59,3,6,54
SSC20397,5550,4506,27640,6033,4658,28828
SSC20398,4,3,50,4,4,50
SSC20399,6,13,62,8,13,75
SSC20400,8,3,43,8,3,42
SSC20401,10,7,89,10,7,89
SSC20402,28,13,252,28,13,254
SSC20403,3,3,26,3,3,26
SSC20404,4,0,41,4,0,44
SSC20405,0,3,11,0,3,11
SSC20406,0,0,21,0,0,21
SSC20407,366,260,3466,383,270,3568
SSC20408,30,20,254,35,20,255
SSC20409,288,227,2371,298,232,2416
SSC20410,12,8,101,12,6,109
SSC20411,0,0,0,0,0,0
SSC20412,0,3,14,0,3,14
SSC20413,0,0,12,0,0,12
SSC20414,3,3,55,3,3,55
SSC20415,3,0,31,3,0,41
SSC20416,80,248,723,88,251,742
SSC20417,615,550,4636,628,566,4719
SSC20418,735,985,5922,752,999,5995
SSC20419,4,0,30,4,0,32
SSC20420,18,17,186,19,17,190
SSC20421,3,3,24,3,3,24
SSC20422,0,3,30,0,3,30
SSC20423,15,12,214,15,11,229
SSC20424,3767,2463,14478,3965,2528,14898
SSC20425,1505,1363,9904,1543,1408,10125
SSC20426,52,37,524,54,40,534
SSC20427,7,3,48,10,3,50
SSC20428,0,0,7,3,0,11
SSC20429,25,31,431,26,34,456
SSC20430,3,18,106,6,18,114
SSC20431,12,8,105,11,8,111
SSC20432,19,10,154,19,10,151
SSC20433,19,8,121,19,8,127
SSC20434,16,13,153,16,17,154
SSC20435,47,22,448,48,28,473
SSC20436,3,0,17,3,0,17
SSC20437,0,3,38,0,5,50
SSC20438,0,3,13,0,3,20
SSC20439,1493,1243,9455,1515,1266,9653
SSC20440,0,0,0,0,0,0
SSC20441,18,16,172,21,21,179
SSC20442,532,519,4142,568,545,4268
SSC20443,7,24,173,7,24,173
SSC20444,3,4,42,6,4,43
SSC20445,41,23,298,43,30,307
SSC20446,4,5,50,4,5,49
SSC20447,0,3,12,0,3,12
SSC20448,0,3,26,0,3,26
SSC20449,15,15,167,14,16,173
SSC20450,0,0,0,0,0,0
SSC20451,3116,2252,21166,3205,2343,21744
SSC20452,29,15,231,27,15,237
SSC20453,670,708,4907,687,730,5034
SSC20454,5,3,27,3,3,30
SSC20455,196,179,1674,205,184,1722
SSC20456,3,3,43,3,6,48
SSC20457,0,7,39,5,7,49
SSC20458,268,274,3116,294,294,3243
SSC20459,518,535,3387,550,548,3477
SSC20460,0,0,10,0,0,10
SSC20461,11,9,67,16,12,71
SSC20462,18,10,177,20,14,207
SSC20463,3,0,18,3,0,18
SSC20464,68,88,631,69,95,653
SSC20465,3,3,49,4,4,47
SSC20466,1219,642,7754,1247,668,7926
SSC20467,9,5,130,13,9,137
SSC20468,12,10,111,14,10,116
SSC20469,0,0,4,0,0,4
SSC20470,0,0,13,3,4,33
SSC20471,59,82,785,67,91,846
SSC20472,35,25,403,38,28,452
SSC20473,141,162,1545,153,167,1641
SSC20474,4,3,36,4,3,36
SSC20475,4,4,70,4,4,73
SSC20476,0,0,3,0,0,3
SSC20477,19,21,231,19,20,236
SSC20478,4,3,60,4,3,58
SSC20479,0,0,23,0,0,25
SSC20480,9,4,66,9,4,69
SSC20481,7,6,92,7,8,96
SSC20482,113,43,724,127,45,763
SSC20483,53,89,632,56,86,651
SSC20484,47,26,352,46,28,366
SSC20485,78,96,790,95,106,832
SSC20486,4,0,35,4,0,35
SSC20487,0,3,23,0,3,23
SSC20488,0,0,21,0,0,21
SSC20489,129,85,1067,137,88,1102
SSC20490,11,13,127,11,13,135
SSC20491,29,22,310,35,27,311
SSC20492,8160,4449,17759,8428,4680,18829
SSC20493,846,1752,5934,889,1816,6166
SSC20494,4,4,77,9,4,77
SSC20495,2393,3700,16800,2449,3783,17121
SSC20496,16,12,135,14,12,135
SSC20497,2951,3220,23600,3025,3306,24077
SSC20498,17,9,133,17,9,134
SSC20499,9,5,88,9,5,90
SSC20500,4,11,100,4,11,113
SSC20501,7,3,42,6,3,38
SSC20502,0,4,39,0,4,39
SSC20503,0,0,18,0,0,18
SSC20504,356,566,3772,374,579,3885
SSC20505,2512,3069,19932,2604,3164,20444
SSC20506,4,5,59,6,5,62
SSC20507,12,14,204,14,17,211
SSC20508,3,0,24,4,0,28
SSC20509,36,22,258,40,22,256
SSC20510,122,100,1558,127,105,1607
SSC20511,14,3,70,14,3,71
SSC20512,18,5,109,18,5,109
SSC20513,490,494,6342,539,525,6692
SSC20514,48,25,286,50,25,289
SSC20515,6,6,90,9,10,89
SSC20516,0,0,19,0,0,19
SSC20517,0,3,18,0,3,18
SSC20518,645,761,5399,672,784,5731
SSC20519,470,318,1521,480,326,1559
SSC20520,1815,2642,14583,1855,2723,14903
SSC20521,1312,1388,11375,1355,1435,11630
SSC20522,4,0,40,4,0,41
SSC20523,17,32,289,18,32,299
SSC20524,26,17,235,30,17,240
SSC20525,1176,1860,8324,1212,1925,8579
SSC20526,0,0,0,0,0,0
SSC20527,0,0,0,0,0,0
SSC20528,3,3,29,3,3,29
SSC20529,3,6,34,3,6,34
SSC20530,40,21,353,40,23,372
SSC20531,8,4,71,8,10,75
SSC20532,78,59,978,89,66,1017
SSC20533,5,3,39,5,3,39
SSC20534,568,1093,7431,601,1130,7630
SSC20535,609,593,5139,623,611,5214
SSC20536,2241,2772,21349,2308,2862,21837
SSC20537,8,8,64,8,8,62
SSC20538,4,4,55,4,4,55
SSC20539,0,0,3,0,0,3
SSC20540,13,16,223,13,18,229
SSC20541,0,0,0,0,0,0
SSC20542,9,13,146,9,15,157
SSC20543,8,11,80,5,11,85
SSC20544,118,278,1286,123,283,1309
SSC20545,0,0,39,0,3,38
SSC20546,13,10,94,13,10,94
SSC20547,0,0,5,0,0,5
SSC20548,144,112,1508,158,120,1561
SSC20549,4,11,59,9,13,61
SSC20550,0,0,6,0,0,6
SSC20551,4,0,32,4,0,32
SSC20552,7,7,100,7,7,103
SSC20553,1285,1235,9368,1325,1266,9579
SSC20554,0,0,8,0,0,8
SSC20555,9,5,67,11,5,77
SSC20556,49,25,336,47,28,349
SSC20557,114,75,934,122,76,962
SSC20558,728,638,4511,833,664,4732
SSC20559,0,0,0,0,0,0
SSC20560,0,0,18,3,0,19
SSC20561,12,15,135,11,15,136
SSC20562,5,0,24,5,0,32
SSC20563,962,989,7293,984,1016,7464
SSC20564,46,15,311,45,12,322
SSC20565,6,3,62,6,3,62
SSC20566,7307,4415,18867,7741,4575,20130
SSC20567,1744,2735,12317,1781,2795,12574
SSC20568,3,3,73,10,3,80
SSC20569,37,44,342,40,44,348
SSC20570,28,37,224,29,37,227
SSC20571,507,1302,6026,537,1348,6197
SSC20572,761,674,7075,799,711,7264
SSC20573,57,24,318,55,27,324
SSC20574,3,0,17,3,0,17
SSC20575,30,9,185,30,9,192
SSC20576,0,0,42,0,0,43
SSC20577,161,111,1628,195,122,1725
SSC20578,239,517,2048,247,523,2090
SSC20579,856,1878,7940,894,1918,8110
SSC20580,12,15,106,12,15,108
SSC20581,4,0,55,4,0,59
SSC20582,4,3,49,4,4,52
SSC20583,22,19,223,20,23,237
SSC20584,3,5,64,3,5,65
SSC20585,0,0,6,0,0,6
SSC20586,0,0,0,0,0,0
SSC20587,205,161,1737,208,169,1768
SSC20588,566,569,5505,606,606,5802
SSC20589,36,11,236,36,11,247
SSC20590,7,9,74,7,9,79
SSC20591,3,3,45,6,3,75
SSC20592,3027,4982,25152,3108,5126,25846
SSC20593,775,1304,7322,807,1346,7562
SSC20594,0,0,0,0,0,0
SSC20595,0,0,6,0,0,6
SSC20596,531,495,4112,552,513,4206
SSC20597,0,0,0,0,0,0
SSC20598,7,0,44,7,0,49
SSC20599,9,6,69,11,6,68
SSC20600,195,158,2251,216,169,2336
SSC20601,53,35,394,58,45,418
SSC20602,0,4,3,0,4,3
SSC20603,1019,1037,8457,1081,1096,8809
SSC20604,3,6,48,7,6,56
SSC20605,10,16,203,10,18,208
SSC20606,5,8,75,7,8,80
SSC20607,24,29,302,30,29,310
SSC20608,0,0,29,0,0,26
SSC20609,235,305,2042,240,313,2095
SSC20610,77,87,964,75,88,993
SSC20611,51,65,304,47,62,322
SSC20612,953,2843,8172,987,2953,8493
SSC20613,0,0,18,0,0,18
SSC20614,14,9,123,14,5,128
SSC20615,15,12,113,19,12,113
SSC20616,68,39,575,77,41,599
SSC20617,70,48,720,80,46,746
SSC20618,0,3,19,0,3,19
SSC20619,4,4,37,4,4,37
SSC20620,426,419,3098,439,441,3181
SSC20621,10,13,94,10,11,99
SSC20622,21,19,119,18,19,121
SSC20623,22,13,244,22,13,246
SSC20624,10,12,154,10,12,160
SSC20625,0,0,28,0,3,30
SSC20626,0,3,16,3,3,19
SSC20627,60,49,337,62,52,347
SSC20628,3,5,48,3,5,48
SSC20629,25,21,233,27,22,237
SSC20630,0,0,19,0,0,19
SSC20631,3,3,20,3,3,20
SSC20632,21,20,152,22,15,159
SSC20633,10,8,74,10,7,75
SSC20634,12,4,124,15,4,124
SSC20635,66,56,738,74,57,782
SSC20636,2481,1843,14665,2649,1925,15215
SSC20637,0,4,24,0,4,24
SSC20638,3,3,32,3,3,35
SSC20639,13,4,88,12,4,92
SSC20640,33,62,728,40,68,774
SSC20641,16,4,128,16,5,134
SSC20642,36,35,294,40,37,306
SSC20643,0,0,15,0,0,15
SSC20644,114,115,1198,128,124,1268
SSC20645,13,11,113,13,11,113
SSC20646,10,0,52,10,0,52
SSC20647,0,3,52,0,3,52
SSC20648,5,4,68,3,4,69
SSC20649,0,0,12,0,0,12
SSC20650,79,35,546,81,36,564
SSC20651,0,0,0,0,0,0
SSC20652,8,3,35,6,3,36
SSC20653,331,354,4385,355,403,4770
SSC20654,7,3,29,7,3,29
SSC20655,46,37,352,46,41,364
SSC20656,5,4,50,5,4,50
SSC20657,6657,9614,49108,6825,9840,50069
SSC20658,2601,2879,19330,2696,2978,19825
SSC20659,1676,2975,15689,1734,3037,15994
SSC20660,2701,3453,19588,2760,3511,19900
SSC20661,258,115,1567,272,118,1610
SSC20662,1802,3267,14644,1859,3318,14926
SSC20663,0,0,14,0,0,19
SSC20664,10,4,134,16,12,149
SSC20665,189,719,1886,197,741,1943
SSC20666,23,8,166,22,14,175
SSC20667,276,304,2994,290,319,3164
SSC20668,4,4,54,4,4,54
SSC20669,342,400,3025,352,410,3095
SSC20670,0,0,0,0,0,0
SSC20671,0,0,3,0,0,3
SSC20672,5,3,19,5,3,19
SSC20673,14,11,203,15,12,207
SSC20674,19,11,151,20,15,163
SSC20675,5,10,83,5,6,79
SSC20676,12,3,64,12,3,68
SSC20677,2864,3933,25869,2997,4045,26502
SSC20678,791,463,4804,815,480,4883
SSC20679,1002,900,7478,1031,942,7653
SSC20680,468,640,4400,484,665,4499
SSC20681,0,0,11,0,0,11
SSC20682,27,17,229,27,17,230
SSC20683,22,18,249,22,15,250
SSC20684,8,3,96,8,3,100
SSC20685,8,0,35,8,4,41
SSC20686,5,4,40,5,4,40
SSC20687,3,0,57,3,0,77
SSC20688,0,0,10,0,3,8
SSC20689,0,0,9,0,0,9
SSC20690,6,3,23,6,3,25
SSC20691,13,9,118,13,9,120
SSC20692,174,241,1478,179,251,1526
SSC20693,0,0,24,0,0,27
SSC20694,5,3,64,8,7,73
SSC20695,29,19,366,31,19,378
SSC20696,36,39,367,39,39,375
SSC20697,1059,1041,6633,1095,1073,6819
SSC20698,24,6,154,28,6,159
SSC20699,8,3,33,8,3,33
SSC20700,0,0,0,0,0,0
SSC20701,62,80,554,65,84,566
SSC20702,4154,6170,29038,4344,6403,30193
SSC20703,2798,3251,21777,2875,3350,22225
SSC20704,10,19,149,10,19,162
SSC20705,0,0,3,0,0,3
SSC20706,8,0,89,11,0,90
SSC20707,1094,1042,8047,1137,1080,8281
SSC20708,8,0,30,9,0,37
SSC20709,9,3,98,9,3,102
SSC20710,90,64,717,100,62,732
SSC20711,40,38,366,43,39,380
SSC20712,3,0,15,3,0,15
SSC20713,26,29,294,26,30,308
SSC20714,5,3,88,5,3,92
SSC20715,0,0,28,0,0,30
SSC20716,170,171,2330,189,213,2606
SSC20717,9,14,113,16,15,119
SSC20718,22,11,237,23,13,248
SSC20719,0,0,8,0,0,8
SSC20720,20,10,155,27,10,158
SSC20721,19,22,197,19,27,208
SSC20722,286,177,1965,288,189,2008
SSC20723,2220,3190,17531,2288,3297,17980
SSC20724,870,870,5973,923,913,6191
SSC20725,1327,1178,8128,1353,1223,8287
SSC20726,0,0,15,0,0,13
SSC20727,5,0,28,5,0,26
SSC20728,0,6,27,0,6,27
SSC20729,5,0,27,3,0,26
SSC20730,54,56,440,50,56,452
SSC20731,248,278,1812,255,284,1842
SSC20732,11,3,142,11,11,149
SSC20733,0,0,0,0,0,0
SSC20734,0,0,15,0,0,15
SSC20735,49,39,502,56,44,529
SSC20736,0,0,40,3,0,44
SSC20737,854,1491,8033,875,1543,8200
SSC20738,0,8,49,0,8,58
SSC20739,20,23,381,20,26,391
SSC20740,13,16,190,13,14,196
SSC20741,0,3,14,0,3,12
SSC20742,206,143,1503,207,153,1567
SSC20743,28,25,331,27,21,332
SSC20744,21,12,159,20,12,164
SSC20745,40,116,437,48,116,442
SSC20746,1727,1234,11245,1765,1285,11475
SSC20747,7,6,112,7,6,111
SSC20748,343,453,2671,356,469,2776
SSC20749,14,4,93,14,4,97
SSC20750,159,114,1623,164,126,1672
SSC20751,21,15,184,24,12,190
SSC20752,1165,875,9906,1206,924,10191
SSC20753,7,11,79,7,11,77
SSC20754,22,28,227,82,171,1122
SSC20755,18,10,121,18,14,133
SSC20756,36,29,324,43,29,341
SSC20757,0,3,35,0,4,35
SSC20758,21,0,109,21,0,114
SSC20759,0,4,45,3,4,49
SSC20760,1967,4025,10611,2116,4373,12486
SSC20761,3,3,17,3,3,18
SSC20762,3,0,52,6,0,47
SSC20763,61,41,541,62,48,560
SSC20764,130,95,1398,146,104,1469
SSC20765,2623,3048,20180,2702,3165,20728
SSC20766,3527,3224,27451,3595,3316,28016
SSC20767,20,20,164,20,20,171
SSC20768,1480,1137,11859,1497,1177,12076
SSC20769,3,0,9,3,0,9
SSC20770,26,20,231,26,20,232
SSC20771,24,25,307,24,23,305
SSC20772,19,4,32,36,11,71
SSC20773,2148,3529,20604,2212,3603,20954
SSC20774,3,3,36,3,3,36
SSC20775,0,0,0,0,0,0
SSC20776,5,3,57,5,3,57
SSC20777,1242,1587,9030,1274,1644,9291
SSC20778,3,3,50,8,3,55
SSC20779,3,0,30,3,0,30
SSC20780,12,8,85,13,13,88
SSC20781,5,0,42,5,0,41
SSC20782,497,465,5397,523,499,5651
SSC20783,0,0,8,0,0,8
SSC20784,1292,1458,11675,1348,1513,11994
SSC20785,25,18,169,24,18,177
SSC20786,29,31,329,33,32,338
SSC20787,43,20,319,43,20,330
SSC20788,3,3,31,3,3,35
SSC20789,22,7,151,22,7,154
SSC20790,64,46,531,60,49,543
SSC20791,9,3,40,9,3,40
SSC20792,19,16,274,19,19,276
SSC20793,15,12,180,15,12,185
SSC20794,15,13,144,15,16,153
SSC20795,0,5,22,0,5,22
SSC20796,422,276,4028,440,292,4117
SSC20797,3,3,38,3,3,38
SSC20798,38,26,386,42,26,403
SSC20799,11,6,82,7,6,90
SSC20800,4,0,21,4,0,21
SSC20801,4,5,57,4,5,57
SSC20802,7,0,46,9,0,47
SSC20803,49,56,618,48,60,654
SSC20804,3,0,27,3,0,30
SSC20805,3,0,19,3,0,19
SSC20806,27,14,226,27,18,239
SSC20807,48,53,836,52,50,869
SSC20808,11,4,74,11,4,74
SSC20809,0,0,9,0,0,9
SSC20810,40,27,368,45,28,381
SSC20811,0,8,73,0,9,75
SSC20812,0,0,27,0,0,27
SSC20813,0,0,6,0,0,6
SSC20814,10,8,97,10,8,100
SSC20815,0,4,30,0,4,30
SSC20816,72,74,993,78,75,1034
SSC20817,692,665,5370,731,681,5513
SSC20818,0,0,5,3,0,4
SSC20819,521,360,3725,528,382,3811
SSC20820,7,6,67,7,6,66
SSC20821,157,107,1199,166,102,1229
SSC20822,253,257,1907,275,273,2023
SSC20823,450,451,3641,461,473,3759
SSC20824,398,1341,4675,516,1616,6196
SSC20825,31,27,91,64,106,218
SSC20826,14,3,70,15,3,78
SSC20827,94,55,811,101,59,852
SSC20828,0,0,23,0,0,27
SSC20829,0,3,24,0,3,23
SSC20830,243,283,2540,263,297,2603
SSC20831,20,7,126,21,15,148
SSC20832,1515,1399,13092,1612,1511,13927
SSC20833,46,18,493,50,23,514
SSC20834,46,27,408,51,33,429
SSC20835,26,14,178,26,14,177
SSC20836,9,4,94,9,9,99
SSC20837,141,78,1139,146,81,1165
SSC20838,85,70,865,92,76,913
SSC20839,7,9,88,7,9,90
SSC20840,3,3,69,3,3,69
SSC20841,3,0,80,3,3,86
SSC20842,557,765,5555,575,792,5683
SSC20843,13,6,179,15,10,195
SSC20844,63,62,869,64,71,947
SSC20845,32,15,228,33,20,234
SSC20846,41,20,342,46,20,355
SSC20847,3,0,33,3,0,33
SSC20848,3,7,55,3,7,55
SSC20849,8,4,65,8,4,71
SSC20850,0,0,0,0,0,0
SSC20851,13,25,171,14,25,175
SSC20852,15,23,135,16,23,140
SSC20853,328,280,2713,346,291,2793
SSC20854,20,21,221,20,26,222
SSC20855,7,3,164,7,4,175
SSC20856,68,45,732,72,45,763
SSC20857,51,30,537,51,33,546
SSC20858,1022,1681,9892,1045,1726,10160
SSC20859,2235,1517,17492,2282,1579,17829
SSC20860,1001,553,6575,1030,577,6712
SSC20861,1257,3779,14741,1298,3878,15122
SSC20862,673,465,5456,698,480,5571
SSC20863,0,0,29,0,0,29
SSC20864,40,16,339,41,16,342
SSC20865,3234,3287,23637,3312,3401,24116
SSC20866,60,57,512,60,56,528
SSC20867,0,0,20,0,0,20
SSC20868,0,0,0,0,0,0
SSC20869,3,9,102,3,9,106
SSC20870,3,0,23,4,0,26
SSC20871,70,48,638,70,53,650
SSC20872,3978,5687,31648,4099,5897,32696
SSC20873,512,843,4139,531,880,4277
SSC20874,3,8,63,3,13,66
SSC20875,12,5,172,17,5,182
SSC20876,0,0,0,0,0,0
SSC20877,13,10,226,11,10,231
SSC20878,0,0,7,0,0,7
SSC20879,2663,3433,19799,2734,3570,20310
SSC20880,0,0,0,0,0,0
SSC20881,355,600,2885,365,630,2985
SSC20882,195,168,1383,202,176,1416
SSC20883,230,314,1897,241,356,2060
SSC20884,12,7,58,12,7,59
SSC20885,88,90,597,92,96,627
SSC20886,250,241,3058,262,260,3176
SSC20887,21,14,207,21,15,217
SSC20888,10,10,114,10,11,121
SSC20889,0,0,10,0,0,10
SSC20890,11,13,189,12,16,200
SSC20891,10,6,147,10,6,146
SSC20892,13,13,101,13,19,105
SSC20893,169,457,2515,176,470,2555
SSC20894,0,0,42,0,0,42
SSC20895,788,1302,6263,835,1342,6452
SSC20896,32,9,237,32,5,260
SSC20897,4,0,15,4,3,20
SSC20898,9,3,80,13,3,86
SSC20899,0,0,0,0,0,0
SSC20900,56,61,285,572,465,3288
SSC20901,4,5,154,4,8,155
SSC20902,7,0,59,7,0,59
SSC20903,1628,2327,13651,1667,2404,14019
SSC20904,5,0,24,7,0,29
SSC20905,0,3,17,0,3,25
SSC20906,5,9,98,5,9,98
SSC20907,17,14,140,23,14,150
SSC20908,4,3,31,3,3,35
SSC20909,0,0,12,0,0,12
SSC20910,0,0,0,0,0,0
SSC20911,3035,3530,25436,3136,3636,26019
SSC20912,175,122,1458,175,131,1486
SSC20913,4,0,25,4,0,25
SSC20914,40,45,478,43,47,516
SSC20915,66,53,763,68,57,798
SSC20916,0,0,15,0,0,16
SSC20917,0,3,19,0,3,22
SSC20918,1099,2951,9891,1195,3231,11267
SSC20919,1168,2882,11618,1245,2990,11999
SSC20920,9,6,90,9,6,95
SSC20921,10,9,87,10,9,97
SSC20922,0,0,0,0,0,3
SSC20923,1030,1603,7349,1091,1700,7737
SSC20924,56,27,768,59,29,830
SSC20925,1059,572,3784,1285,615,4116
SSC20926,54,51,645,54,51,661
SSC20927,17,24,173,20,32,182
SSC20928,0,0,9,0,0,9
SSC20929,2456,4694,15678,2586,4846,16550
SSC20930,9,3,114,15,3,122
SSC20931,1172,1336,10284,1202,1387,10632
SSC20932,24,26,259,24,28,265
SSC20933,21,14,202,21,16,205
SSC20934,137,90,1650,143,103,1740
SSC20935,17,12,149,17,12,155
SSC20936,7,6,56,7,6,63
SSC20937,0,0,15,0,3,19
SSC20938,24,16,158,24,16,159
SSC20939,5,5,21,5,5,20
SSC20940,5,4,62,5,9,66
SSC20941,4182,5280,34469,4408,5570,36239
SSC20942,671,779,5577,704,826,5756
SSC20943,2076,1534,17392,2164,1604,17826
SSC20944,4,8,103,10,9,134
SSC20945,0,3,97,0,3,98
SSC20946,0,0,12,0,0,12
SSC20947,49,24,388,49,30,409
SSC20948,18,11,200,18,14,215
SSC20949,113,314,950,114,321,962
SSC20950,3,0,11,3,0,12
SSC20951,8,4,67,8,4,66
SSC20952,0,5,38,0,5,38
SSC20953,12,12,181,12,14,190
SSC20954,0,0,3,0,0,9
SSC20955,3,3,42,3,3,46
SSC20956,16,15,91,16,12,90
SSC20957,19,11,167,26,11,167
SSC20958,87,205,961,93,208,978
SSC20959,207,172,1707,214,181,1738
SSC20960,24,16,188,24,19,194
SSC20961,8,4,119,12,4,118
SSC20962,27,29,228,28,31,233
SSC20963,3,3,6,3,3,6
SSC20964,0,0,28,0,0,29
SSC20965,3,6,40,3,6,40
SSC20966,716,846,4878,838,990,5881
SSC20967,798,1217,6609,837,1245,6775
SSC20968,0,0,16,0,0,20
SSC20969,22,16,199,26,20,215
SSC20970,0,0,5,0,0,5
SSC20971,3,0,26,3,0,26
SSC20972,293,194,2242,313,202,2327
SSC20973,3,0,46,3,0,62
SSC20974,0,0,0,0,0,0
SSC20975,3,3,58,3,3,60
SSC20976,3,0,21,3,0,21
SSC20977,13,3,69,13,3,69
SSC20978,3,15,101,3,16,110
SSC20979,3,4,12,3,4,12
SSC20980,0,0,0,0,0,0
SSC20981,3,0,33,3,4,31
SSC20982,33,25,354,40,24,365
SSC20983,22,8,149,22,9,156
SSC20984,0,0,35,0,0,35
SSC20985,4,3,51,4,3,55
SSC20986,8,8,64,8,8,63
SSC20987,0,3,12,0,3,12
SSC20988,7,5,59,7,5,59
SSC20989,10,0,55,10,0,55
SSC20990,0,0,0,0,0,0
SSC20991,0,0,16,0,0,15
SSC20992,63,50,538,67,53,553
SSC20993,16,15,126,19,15,128
SSC20994,990,844,8556,1023,860,8725
SSC20995,105,56,779,109,58,794
SSC20996,6,4,27,6,4,27
SSC20997,952,995,8032,971,1047,8260
SSC20998,55,36,419,55,33,438
SSC20999,11,6,166,14,6,168
SSC21000,3,0,47,3,0,47
SSC21001,12,4,97,12,4,102
SSC21002,666,1421,4854,690,1450,4946
SSC21003,3308,3404,24260,3388,3533,24838
SSC21004,15,3,95,15,3,98
SSC21005,7,3,13,7,8,20
SSC21006,5931,4382,38962,6151,4661,40238
SSC21007,0,0,0,0,0,0
SSC21008,0,0,19,0,0,19
SSC21009,0,8,59,0,9,65
SSC21010,3,0,19,3,0,16
SSC21011,22,12,150,23,12,155
SSC21012,3,0,26,3,0,26
SSC21013,18,22,398,13,26,407
SSC21014,0,0,49,0,0,52
SSC21015,0,0,11,0,0,11
SSC21016,0,0,0,0,0,0
SSC21017,14,14,134,14,18,138
SSC21018,133,102,1021,138,106,1052
SSC21019,14,17,176,15,17,182
SSC21020,8,8,115,8,7,118
SSC21021,0,0,8,0,0,8
SSC21022,0,7,66,0,7,73
SSC21023,3,0,30,4,0,28
SSC21024,0,7,20,0,7,20
SSC21025,15,3,76,15,4,80
SSC21026,0,0,17,0,0,17
SSC21027,4,0,26,4,0,26
SSC21028,3,0,9,3,0,9
SSC21029,0,0,8,0,0,8
SSC21030,3,0,24,6,0,23
SSC21031,19,24,369,24,25,389
SSC21032,17,22,255,22,30,259
SSC21033,12,3,63,12,9,73
SSC21034,8,4,122,8,4,122
SSC21035,4,8,61,4,8,57
SSC21036,15,10,108,15,9,120
SSC21037,3,0,31,3,0,31
SSC21038,95,72,904,100,80,958
SSC21039,3,4,62,3,4,68
SSC21040,2639,4616,21579,2730,4728,22127
SSC21041,12,12,216,12,15,231
SSC21042,0,0,7,0,0,9
SSC21043,25,16,253,32,13,258
SSC21044,14,12,99,14,7,100
SSC21045,8,3,32,8,3,32
SSC21046,5,7,79,5,7,79
SSC21047,13,14,267,15,15,287
SSC21048,24,18,197,20,21,211
SSC21049,314,292,1990,358,331,2208
SSC21050,12,3,95,12,3,103
SSC21051,1074,1298,8350,1140,1355,8694
SSC21052,30,17,208,30,15,223
SSC21053,5,0,28,5,0,28
SSC21054,0,0,6,0,0,6
SSC21055,6,0,54,6,0,50
SSC21056,16,6,67,18,6,71
SSC21057,11,6,113,11,6,121
SSC21058,0,0,23,0,0,23
SSC21059,15,5,140,17,5,145
SSC21060,9,3,57,7,3,63
SSC21061,28,23,281,29,27,293
SSC21062,78,50,626,83,54,637
SSC21063,0,0,14,0,0,14
SSC21064,26,5,173,23,15,183
SSC21065,28,19,206,28,19,209
SSC21066,94,93,1111,99,91,1130
SSC21067,29,28,305,27,32,309
SSC21068,32,22,275,31,23,280
SSC21069,3,0,29,3,7,28
SSC21070,13,11,221,17,11,238
SSC21071,6,0,70,6,4,69
SSC21072,264,334,2692,267,339,2748
SSC21073,0,0,3,0,0,3
SSC21074,0,0,18,0,0,21
SSC21075,0,3,19,0,3,25
SSC21076,7,0,45,7,0,42
SSC21077,87,57,632,87,53,645
SSC21078,0,0,0,0,0,0
SSC21079,0,0,8,0,0,8
SSC21080,25,13,223,24,10,233
SSC21081,70,55,774,66,59,813
SSC21082,10,4,85,10,4,84
SSC21083,0,0,20,3,0,20
SSC21084,43,32,372,47,37,382
SSC21085,0,0,3,0,0,3
SSC21086,3,7,61,3,7,60
SSC21087,3,4,19,3,4,19
SSC21088,4,0,19,4,0,19
SSC21089,0,0,13,0,0,13
SSC21090,37,31,383,40,31,392
SSC21091,0,0,15,0,0,15
SSC21092,6,5,51,6,5,58
SSC21093,66,43,572,72,44,588
SSC21094,5,3,48,5,3,52
SSC21095,0,7,50,0,7,50
SSC21096,2194,2546,19974,2265,2630,20407
SSC21097,2449,2073,15056,2491,2126,15338
SSC21098,5,3,43,5,3,48
SSC21099,3,12,90,3,12,93
SSC21100,14,7,98,14,7,104
SSC21101,8,5,122,8,9,133
SSC21102,9,10,158,8,7,163
SSC21103,0,0,4,0,0,4
SSC21104,0,0,23,0,0,26
SSC21105,4,7,50,8,12,55
SSC21106,1793,1739,13593,1880,1778,13897
SSC21107,123,79,903,128,84,931
SSC21108,20,28,312,17,28,321
SSC21109,50,37,508,55,46,544
SSC21110,24,15,209,29,21,213
SSC21111,0,0,4,0,0,4
SSC21112,0,0,13,0,0,13
SSC21113,59,25,358,58,21,361
SSC21114,3,3,48,3,3,53
SSC21115,137,99,1145,149,102,1175
SSC21116,642,832,5458,663,852,5589
SSC21117,1457,1580,10510,1507,1626,10776
SSC21118,14,7,126,12,7,129
SSC21119,26,49,380,46,78,603
SSC21120,15,8,153,15,8,151
SSC21121,1164,923,9257,1265,993,9720
SSC21122,785,845,5980,824,874,6146
SSC21123,1629,996,12760,1677,1034,13035
SSC21124,474,558,4509,496,599,4644
SSC21125,3873,3783,24872,3970,3888,25377
SSC21126,8,13,134,9,13,131
SSC21127,8,4,76,8,4,81
SSC21128,15,14,80,15,16,85
SSC21129,83,74,855,93,76,897
SSC21130,25,8,245,26,10,256
SSC21131,121,78,819,124,80,838
SSC21132,0,0,31,3,3,32
SSC21133,35,8,285,68,30,470
SSC21134,6,24,189,6,24,199
SSC21135,17,11,169,19,13,183
SSC21136,1052,1145,9115,1102,1194,9449
SSC21137,0,0,24,0,0,28
SSC21138,5,4,69,5,4,75
SSC21139,147,84,1198,151,91,1238
SSC21140,3,3,21,3,3,21
SSC21141,37,43,305,36,43,311
SSC21142,0,0,3,0,0,3
SSC21143,4038,5661,22281,4240,5833,23051
SSC21144,1981,2876,13696,2048,2962,14097
SSC21145,3,7,38,3,7,41
SSC21146,20,13,175,20,11,174
SSC21147,171,113,1385,168,124,1412
SSC21148,31,37,274,30,37,282
SSC21149,716,680,7031,761,731,7382
SSC21150,17,18,152,17,15,155
SSC21151,185,149,2606,202,164,2712
SSC21152,82,96,809,84,103,817
SSC21153,0,0,9,0,0,9
SSC21154,330,278,2820,341,288,3092
SSC21155,33,10,221,32,16,231
SSC21156,1085,1081,9327,1114,1126,9517
SSC21157,11,12,120,12,12,119
SSC21158,595,1055,5975,662,1143,6915
SSC21159,696,1146,5858,728,1174,6010
SSC21160,742,918,5353,779,954,5495
SSC21161,5,6,53,5,3,56
SSC21162,3,0,56,4,4,61
SSC21163,39,51,550,42,58,576
SSC21164,15,29,301,21,55,430
SSC21165,430,595,3283,441,615,3363
SSC21166,39,29,310,39,30,326
SSC21167,14,11,150,17,8,155
SSC21168,0,0,10,0,0,11
SSC21169,17,12,135,17,13,141
SSC21170,217,171,1866,236,185,1944
SSC21171,3,0,45,3,0,45
SSC21172,152,145,1611,157,160,1665
SSC21173,0,0,28,0,0,27
SSC21174,0,3,21,0,3,20
SSC21175,8,6,104,8,6,102
SSC21176,994,1294,10054,1027,1341,10344
SSC21177,3,13,107,3,13,120
SSC21178,2545,1990,17994,2655,2062,18388
SSC21179,0,0,19,0,0,18
SSC21180,3,9,146,6,11,160
SSC21181,13,14,94,15,14,97
SSC21182,22,30,321,22,29,328
SSC21183,12,21,184,18,28,199
SSC21184,2478,2107,16692,2516,2159,16976
SSC21185,4,0,22,4,0,22
SSC21186,598,203,981,724,312,1278
SSC21187,52,52,601,54,56,617
SSC21188,0,0,16,0,0,16
SSC21189,4,3,33,3,3,39
SSC21190,0,0,16,0,0,16
SSC21191,3,0,51,3,0,51
SSC21192,57,58,680,67,58,719
SSC21193,106,74,792,102,71,799
SSC21194,5535,5491,37393,5670,5651,38178
SSC21195,4,3,40,4,3,43
SSC21196,8,11,87,8,11,92
SSC21197,1582,1775,13537,1676,1903,14233
SSC21198,34,72,195,319,433,2221
SSC21199,6,0,43,6,0,48
SSC21200,4,0,67,8,0,71
SSC21201,0,0,0,0,0,0
SSC21202,24,8,98,31,17,136
SSC21203,0,0,4,0,0,3
SSC21204,3,0,46,3,0,49
SSC21205,1012,1299,7317,1042,1333,7473
SSC21206,31,15,291,33,15,291
SSC21207,6,0,41,7,0,40
SSC21208,3,0,26,3,0,26
SSC21209,254,354,1803,258,356,1826
SSC21210,306,356,2273,316,369,2321
SSC21211,3,0,43,3,0,43
SSC21212,25,10,204,25,10,208
SSC21213,6,12,127,6,14,129
SSC21214,448,302,3307,459,315,3363
SSC21215,0,0,11,0,0,11
SSC21216,3,3,33,3,4,54
SSC21217,4,0,32,4,0,32
SSC21218,8,4,80,8,5,85
SSC21219,36,24,292,37,29,304
SSC21220,59,50,1050,61,57,1105
SSC21221,21,29,314,28,29,317
SSC21222,68,58,811,71,62,854
SSC21223,3,4,45,3,4,45
SSC21224,59,71,582,62,69,590
SSC21225,121,150,1399,125,156,1423
SSC21226,321,386,4905,344,441,5257
SSC21227,90,44,770,97,51,783
SSC21228,231,132,1682,239,132,1712
SSC21229,29,12,214,33,14,219
SSC21230,13,16,116,13,12,128
SSC21231,0,4,15,0,4,15
SSC21232,131,139,1048,140,150,1093
SSC21233,31,26,319,35,34,333
SSC21234,14,9,125,16,11,125
SSC21235,7,4,74,9,4,76
SSC21236,634,471,5053,654,494,5182
SSC21237,1453,1653,11661,1494,1708,12175
SSC21238,490,315,3618,496,330,3697
SSC21239,252,396,2039,266,421,2205
SSC21240,7,8,133,12,8,134
SSC21241,189,235,1095,198,241,1139
SSC21242,0,0,21,0,0,21
SSC21243,9,4,91,9,4,91
SSC21244,9,7,247,14,16,265
SSC21245,368,435,3420,382,457,3609
SSC21246,6,3,26,6,3,26
SSC21247,24,13,185,24,13,186
SSC21248,7,0,27,5,0,33
SSC21249,7,7,97,7,7,100
SSC21250,4,3,37,4,3,40
SSC21251,0,3,62,0,8,63
SSC21252,43,52,534,43,52,541
SSC21253,9,4,100,7,9,106
SSC21254,3,0,32,3,0,32
SSC21255,0,0,9,0,0,9
SSC21256,32,29,449,33,36,462
SSC21257,0,0,0,0,0,0
SSC21258,0,0,7,0,0,7
SSC21259,3,0,15,3,0,15
SSC21260,54,29,456,52,27,477
SSC21261,3,0,22,3,0,22
SSC21262,3,4,25,4,4,25
SSC21263,8,3,59,5,8,66
SSC21264,17,23,298,17,23,301
SSC21265,3,0,12,3,0,12
SSC21266,0,3,29,0,3,32
SSC21267,13,9,119,13,9,121
SSC21268,87,110,989,90,121,1034
SSC21269,39,18,219,82,20,266
SSC21270,0,0,0,0,0,0
SSC21271,360,217,3024,376,225,3099
SSC21272,9,17,79,9,15,81
SSC21273,3,0,31,3,0,35
SSC21274,95,91,1136,104,100,1200
SSC21275,9,5,134,13,12,144
SSC21276,9,9,98,13,11,108
SSC21277,0,8,49,0,8,53
SSC21278,138,115,1377,145,127,1426
SSC21279,101,109,1163,113,111,1184
SSC21280,6,0,21,6,0,26
SSC21281,8,9,92,8,9,100
SSC21282,0,0,15,0,0,15
SSC21283,0,3,18,0,8,19
SSC21284,3,3,72,3,5,78
SSC21285,1122,1244,9775,1174,1294,10088
SSC21286,160,61,1041,164,71,1066
SSC21287,74,71,718,81,77,746
SSC21288,0,3,52,0,3,54
SSC21289,0,0,12,0,0,12
SSC21290,7,8,56,16,11,70
SSC21291,3,0,30,3,0,30
SSC21292,13,5,163,15,10,168
SSC21293,12,6,99,12,6,106
SSC21294,9,3,83,9,4,87
SSC21295,0,0,8,0,0,8
SSC21296,3,4,40,3,5,41
SSC21297,3,0,20,3,0,20
SSC21298,51,29,380,51,27,388
SSC21299,4,8,32,4,8,32
SSC21300,21,11,107,17,11,107
SSC21301,50,43,450,59,44,467
SSC21302,118,107,963,124,115,985
SSC21303,16,6,146,17,10,161
SSC21304,455,466,3108,464,482,3174
SSC21305,12,4,49,12,4,52
SSC21306,753,476,5570,779,509,5730
SSC21307,1282,1280,9651,1306,1324,9880
SSC21308,1530,1604,14016,1571,1647,14311
SSC21309,282,199,1671,285,214,1712
SSC21310,4,6,64,4,6,64
SSC21311,243,288,2586,247,295,2659
SSC21312,0,0,17,0,0,17
SSC21313,0,4,57,0,4,60
SSC21314,8,4,39,8,4,42
SSC21315,0,0,3,0,0,3
SSC21316,8,0,41,8,0,41
SSC21317,0,12,41,0,13,45
SSC21318,813,652,5313,913,680,5545
SSC21319,1129,2998,10348,1180,3073,10621
SSC21320,374,335,3655,393,365,3837
SSC21321,3,0,38,3,0,38
SSC21322,34,15,195,33,14,202
SSC21323,8,3,58,8,3,58
SSC21324,10,7,101,10,7,100
SSC21325,3,4,77,3,8,75
SSC21326,9,10,73,6,10,74
SSC21327,3,0,41,4,3,50
SSC21328,3446,3220,23441,3587,3374,24491
SSC21329,867,654,6382,879,680,6496
SSC21330,3,7,44,8,7,45
SSC21331,3466,3763,25115,3543,3879,25637
SSC21332,744,735,6436,779,776,6608
SSC21333,16,13,127,15,13,132
SSC21334,49,21,413,49,25,419
SSC21335,4,4,58,4,7,62
SSC21336,41,32,447,47,38,464
SSC21337,19,21,380,19,24,402
SSC21338,0,0,8,0,0,8
SSC21339,59,139,589,62,147,613
SSC21340,32,3,196,33,4,197
SSC21341,53,24,389,51,24,406
SSC21342,8,3,95,8,3,90
SSC21343,15,6,166,15,6,163
SSC21344,1059,821,7615,1130,859,7865
SSC21345,53,34,402,58,37,408
SSC21346,1110,1587,10373,1151,1618,10646
SSC21347,538,261,2869,545,273,2931
SSC21348,0,8,68,0,8,70
SSC21349,10,10,99,10,10,97
SSC21350,167,154,1455,179,157,1485
SSC21351,40,23,327,41,23,335
SSC21352,109,103,1096,114,110,1122
SSC21353,3,3,33,3,3,34
SSC21354,1066,1091,7900,1099,1133,8126
SSC21355,706,906,3646,721,935,3739
SSC21356,15,17,173,21,17,179
SSC21357,298,725,3810,308,741,3879
SSC21358,3,0,23,3,0,26
SSC21359,0,0,11,0,0,11
SSC21360,44,27,338,42,27,345
SSC21361,9,9,121,10,9,132
SSC21362,5,3,40,5,3,41
SSC21363,0,0,9,0,0,9
SSC21364,0,0,0,0,0,0
SSC21365,16,10,149,15,9,155
SSC21366,923,906,7124,939,925,7254
SSC21367,0,3,24,3,3,29
SSC21368,3,0,16,3,0,16
SSC21369,3,16,131,4,16,130
SSC21370,20,10,188,20,16,193
SSC21371,3,4,42,3,4,47
SSC21372,433,519,3452,448,544,3538
SSC21373,0,0,36,0,0,36
SSC21374,9,0,35,11,0,36
SSC21375,0,0,13,0,0,12
SSC21376,87,74,924,96,77,972
SSC21377,39,10,274,44,10,283
SSC21378,49,17,379,48,15,384
SSC21379,0,0,27,0,0,27
SSC21380,40,33,359,41,33,375
SSC21381,3,6,88,6,6,86
SSC21382,3,0,32,3,0,32
SSC21383,0,0,0,0,0,0
SSC21384,8,5,104,8,5,109
SSC21385,113,78,766,118,83,793
SSC21386,0,0,54,0,0,53
SSC21387,11,3,63,11,4,64
SSC21388,199,226,1948,209,244,2022
SSC21389,9,7,151,9,7,166
SSC21390,9,8,76,9,8,76
SSC21391,450,422,4166,483,441,4304
SSC21392,4,6,97,4,6,92
SSC21393,10,8,161,9,12,165
SSC21394,11,8,106,11,8,107
SSC21395,17,3,94,17,3,103
SSC21396,21,34,302,22,33,314
SSC21397,5,3,105,5,3,104
SSC21398,0,3,18,0,3,18
SSC21399,3,3,36,3,3,36
SSC21400,0,0,3,3,3,10
SSC21401,0,0,10,0,0,10
SSC21402,3,0,43,3,0,45
SSC21403,1323,1490,9743,1357,1541,9997
SSC21404,746,690,6874,791,719,7099
SSC21405,12,4,71,10,4,80
SSC21406,629,581,6566,661,623,6904
SSC21407,11,13,115,11,13,114
SSC21408,35,22,310,35,24,314
SSC21409,12,5,163,8,10,175
SSC21410,6,6,98,6,6,98
SSC21411,41,25,346,48,25,349
SSC21412,15,20,228,19,19,233
SSC21413,6,6,98,7,6,111
SSC21414,0,0,11,0,0,11
SSC21415,0,0,15,0,0,15
SSC21416,3,3,49,3,3,47
SSC21417,20,15,181,20,15,190
SSC21418,72,90,927,71,90,961
SSC21419,12,35,305,12,37,318
SSC21420,30,18,296,35,18,312
SSC21421,27,6,158,27,6,166
SSC21422,0,0,4,0,0,4
SSC21423,0,0,7,0,0,7
SSC21424,0,0,0,0,0,0
SSC21425,0,3,27,4,3,33
SSC21426,196,95,1535,217,109,1594
SSC21427,0,3,29,0,3,30
SSC21428,3,3,37,3,3,37
SSC21429,0,0,22,0,0,21
SSC21430,0,0,18,0,0,20
SSC21431,0,3,22,0,3,29
SSC21432,3,0,19,3,0,19
SSC21433,5,4,69,5,4,70
SSC21434,5,6,65,5,4,66
SSC21435,50,34,671,48,39,724
SSC21436,0,0,0,0,0,0
SSC21437,0,0,0,0,0,0
SSC21438,242,203,2662,266,224,2935
SSC21439,0,3,4,0,3,4
SSC21440,374,362,4345,402,392,4850
SSC21441,46,34,443,46,38,471
SSC21442,15,4,141,15,4,141
SSC21443,2636,3554,21893,2716,3648,22413
SSC21444,3,9,56,3,9,56
SSC21445,40,36,370,44,36,380
SSC21446,19,15,127,19,16,131
SSC21447,217,225,2319,222,249,2439
SSC21448,15,9,167,17,9,172
SSC21449,3,3,39,3,3,39
SSC21450,174,160,1492,191,163,1543
SSC21451,10,3,70,10,3,71
SSC21452,0,0,18,0,0,25
SSC21453,8,58,400,8,58,403
SSC21454,0,9,25,0,9,25
SSC21455,10,15,102,10,15,102
SSC21456,5,3,40,5,3,40
SSC21457,18,3,109,20,6,110
SSC21458,2983,2898,21642,3092,2996,22146
SSC21459,186,88,1177,189,95,1192
SSC21460,1932,2288,15629,1995,2346,15919
SSC21461,12,9,115,12,8,116
SSC21462,7,18,184,7,18,184
SSC21463,8,7,94,8,10,101
SSC21464,289,268,2258,301,271,2319
SSC21465,15,11,220,17,11,226
SSC21466,3,7,75,10,5,90
SSC21467,718,1225,4779,762,1280,5001
SSC21468,5,3,68,4,11,91
SSC21469,3,0,19,4,0,15
SSC21470,4,0,16,6,0,17
SSC21471,0,0,12,0,0,12
SSC21472,0,4,19,0,4,19
SSC21473,34,39,405,34,39,420
SSC21474,3,4,45,3,4,45
SSC21475,19,20,119,19,20,118
SSC21476,0,8,56,0,8,61
SSC21477,49,23,534,50,31,543
SSC21478,27,23,230,27,26,235
SSC21479,69,136,810,78,145,841
SSC21480,5,3,36,5,3,40
SSC21481,530,605,5239,579,641,5408
SSC21482,13,3,130,13,3,131
SSC21483,77,33,589,79,36,609
SSC21484,1406,1663,12105,1470,1711,12389
SSC21485,0,0,0,0,0,0
SSC21486,4,4,52,4,4,56
SSC21487,124,101,970,129,104,994
SSC21488,8,12,223,17,12,232
SSC21489,0,0,7,0,0,7
SSC21490,0,0,3,0,0,3
SSC21491,9,7,84,11,7,83
SSC21492,3,0,23,3,0,23
SSC21493,7,14,103,7,14,100
SSC21494,8,4,73,7,4,75
SSC21495,2126,1897,15764,2215,1970,16209
SSC21496,7,6,70,7,6,74
SSC21497,5,15,146,10,15,147
SSC21498,6,9,91,4,9,90
SSC21499,8,0,83,8,0,82
SSC21500,33,49,414,32,54,428
SSC21501,43,26,412,43,26,416
SSC21502,3,3,7,3,3,7
SSC21503,3,0,38,8,0,49
SSC21504,0,0,10,0,0,10
SSC21505,42,38,553,42,41,574
SSC21506,0,5,36,5,3,46
SSC21507,27,31,392,27,33,407
SSC21508,8,3,46,8,3,53
SSC21509,0,0,3,0,0,3
SSC21510,3,0,62,3,0,62
SSC21511,174,107,1246,181,114,1283
SSC21512,0,0,36,0,0,35
SSC21513,3,3,35,3,3,35
SSC21514,33,48,601,34,60,619
SSC21515,24,16,695,24,25,751
SSC21516,0,0,0,0,0,0
SSC21517,100,52,767,99,65,801
SSC21518,7,10,101,7,7,114
SSC21519,91,56,711,100,56,752
SSC21520,95,103,921,99,109,951
SSC21521,4,0,31,4,0,31
SSC21522,4,5,49,3,9,55
SSC21523,12,9,122,12,9,122
SSC21524,49,27,352,46,30,355
SSC21525,469,435,3193,504,454,3408
SSC21526,143,141,1405,143,142,1444
SSC21527,51,21,481,59,27,496
SSC21528,211,318,1927,219,332,1989
SSC21529,15,12,192,22,10,197
SSC21530,16,3,225,16,10,243
SSC21531,7,4,90,8,8,93
SSC21532,60,112,942,84,170,1196
SSC21533,0,3,10,0,3,10
SSC21534,383,255,2219,395,259,2271
SSC21535,0,4,21,0,4,29
SSC21536,24,19,213,25,18,218
SSC21537,442,414,3700,462,443,3832
SSC21538,0,0,0,0,0,0
SSC21539,3,0,27,3,0,27
SSC21540,116,256,976,121,259,987
SSC21541,129,123,1177,140,132,1227
SSC21542,0,0,24,0,0,25
SSC21543,11,23,208,11,20,215
SSC21544,1125,1200,8366,1144,1218,8482
SSC21545,633,1285,6591,648,1314,6684
SSC21546,3,0,28,3,0,27
SSC21547,7,11,155,12,11,157
SSC21548,1154,529,6437,1193,559,6569
SSC21549,193,58,933,192,58,942
SSC21550,38,37,505,42,37,519
SSC21551,104,49,793,100,47,797
SSC21552,201,132,1912,204,143,1972
SSC21553,5,0,29,5,5,37
SSC21554,1059,1222,9389,1091,1265,9577
SSC21555,16,7,90,16,7,86
SSC21556,7,0,20,7,0,20
SSC21557,9,3,79,9,7,97
SSC21558,0,0,20,0,0,20
SSC21559,387,552,3344,397,567,3426
SSC21560,0,0,18,0,0,18
SSC21561,562,555,4919,598,577,5050
SSC21562,6,5,79,5,5,80
SSC21563,43,26,351,46,29,361
SSC21564,569,529,4744,592,549,4880
SSC21565,1278,2114,8733,1314,2176,8956
SSC21566,72,37,415,72,37,417
SSC21567,3,3,46,3,3,47
SSC21568,27,14,365,34,15,381
SSC21569,24,19,185,24,20,193
SSC21570,0,4,53,0,4,56
SSC21571,3,3,37,3,4,43
SSC21572,19,22,207,17,25,214
SSC21573,71,64,1421,77,67,1467
SSC21574,57,53,962,62,60,1062
SSC21575,115,57,794,171,62,864
SSC21576,1080,1341,9536,1127,1400,10143
SSC21577,3595,2818,20834,3680,2926,21282
SSC21578,5,0,4,5,0,4
SSC21579,19,26,284,24,26,289
SSC21580,67,28,611,70,32,631
SSC21581,20,4,230,20,4,238
SSC21582,15,22,180,15,19,186
SSC21583,278,314,2523,295,322,2583
SSC21584,10,4,82,10,4,87
SSC21585,8,0,77,8,0,77
SSC21586,0,3,19,0,3,22
SSC21587,0,0,5,0,0,5
SSC21588,377,398,4337,455,470,4844
SSC21589,0,0,14,0,0,14
SSC21590,17,18,133,17,23,158
SSC21591,33,10,200,33,10,206
SSC21592,17,13,197,13,14,224
SSC21593,1861,2702,11765,1927,2777,12086
SSC21594,10,0,82,17,0,90
SSC21595,11,19,239,11,24,254
SSC21596,0,0,0,0,0,0
SSC21597,24,32,481,23,34,520
SSC21598,5,5,111,5,5,111
SSC21599,0,0,4,0,0,4
SSC21600,0,0,17,0,0,17
SSC21601,134,279,1362,138,281,1394
SSC21602,8,9,104,8,9,104
SSC21603,4,4,49,4,4,49
SSC21604,203,302,1779,213,310,1823
SSC21605,0,0,0,0,0,0
SSC21606,9,10,102,10,11,110
SSC21607,784,618,7487,843,664,7830
SSC21608,98,51,543,100,51,549
SSC21609,22,30,354,33,47,452
SSC21610,4,9,36,5,4,42
SSC21611,0,0,10,0,0,10
SSC21612,0,0,4,0,0,4
SSC21613,30,5,213,30,5,215
SSC21614,203,182,2555,210,190,2629
SSC21615,3,0,39,3,0,39
SSC21616,16,8,133,14,10,134
SSC21617,63,46,471,68,46,485
SSC21618,844,516,5832,857,540,5932
SSC21619,7,0,88,9,0,92
SSC21620,13,15,119,13,15,125
SSC21621,10,11,90,9,11,88
SSC21622,7,7,89,12,7,93
SSC21623,12,7,84,12,7,89
SSC21624,2422,2077,14408,2470,2173,14772
SSC21625,3,4,19,3,4,22
SSC21626,75,92,730,77,93,748
SSC21627,0,0,13,0,0,13
SSC21628,12,5,77,12,9,83
SSC21629,16096,15955,45591,17712,18614,60057
SSC21630,26,24,104,51,120,712
SSC21631,939,1088,7689,989,1134,7999
SSC21632,1328,1829,11129,1395,1892,11426
SSC21633,2291,2786,17055,2367,2878,17477
SSC21634,4,10,36,9,10,42
SSC21635,0,0,26,0,0,26
SSC21636,3,4,27,4,4,33
SSC21637,1360,1686,12368,1393,1731,12620
SSC21638,133,83,959,137,89,966
SSC21639,7,5,42,4,5,47
SSC21640,13,3,65,13,3,67
SSC21641,5,11,74,5,11,72
SSC21642,288,267,2543,311,282,2654
SSC21643,42,24,375,42,26,384
SSC21644,20,15,189,27,20,196
SSC21645,73,63,747,71,62,761
SSC21646,6,3,65,7,3,71
SSC21647,18,19,237,21,16,246
SSC21648,1709,3576,16038,1758,3664,16370
SSC21649,12,5,168,12,5,168
SSC21650,4,3,37,7,3,44
SSC21651,11,3,169,15,9,180
SSC21652,0,5,115,7,7,130
SSC21653,38,16,381,38,14,396
SSC21654,72,58,642,75,58,653
SSC21655,0,0,0,0,0,0
SSC21656,126,34,496,169,67,735
SSC21657,49,28,361,50,35,365
SSC21658,7,0,44,7,0,49
SSC21659,13,3,170,10,3,181
SSC21660,15,6,170,15,6,170
SSC21661,0,0,24,0,0,22
SSC21662,66,82,1274,66,88,1382
SSC21663,13,5,168,13,9,175
SSC21664,413,700,3075,427,719,3132
SSC21665,0,0,19,0,0,15
SSC21666,283,488,3888,297,506,4028
SSC21667,7,6,92,7,6,92
SSC21668,15,22,206,20,22,211
SSC21669,0,7,28,0,7,30
SSC21670,43,38,559,47,44,592
SSC21671,3876,4158,30787,4181,4481,32936
SSC21672,4307,4210,28850,4406,4340,29474
SSC21673,22,9,143,22,9,152
SSC21674,179,197,1554,186,200,1587
SSC21675,5,5,40,5,5,37
SSC21676,6,0,61,6,0,61
SSC21677,3,0,22,3,0,22
SSC21678,0,3,43,4,3,50
SSC21679,3,3,26,3,3,26
SSC21680,284,488,2951,310,501,3042
SSC21681,8,3,53,12,3,53
SSC21682,7,3,109,7,3,115
SSC21683,7,4,75,9,4,89
SSC21684,5,9,59,5,9,60
SSC21685,0,0,58,3,0,57
SSC21686,3,3,21,3,3,21
SSC21687,36,22,478,35,24,489
SSC21688,0,0,0,0,0,0
SSC21689,0,0,0,0,0,0
SSC21690,8,0,40,8,0,40
SSC21691,17,22,266,17,22,269
SSC21692,213,191,2069,226,199,2120
SSC21693,0,0,21,0,0,26
SSC21694,1634,2430,15510,1693,2498,15861
SSC21695,133,129,814,132,140,834
SSC21696,4,9,53,4,9,59
SSC21697,6,11,102,7,11,107
SSC21698,9,4,59,9,4,63
SSC21699,9,8,161,12,8,167
SSC21700,0,0,8,0,0,8
SSC21701,0,0,33,0,0,32
SSC21702,17,14,144,21,14,149
SSC21703,37,17,254,43,17,266
SSC21704,1013,952,8280,1096,1020,8607
SSC21705,63,37,499,65,36,508
SSC21706,11,9,83,11,7,87
SSC21707,0,0,24,0,0,24
SSC21708,5,0,9,5,0,9
SSC21709,5,0,67,6,0,66
SSC21710,3,4,88,3,4,86
SSC21711,3,4,38,3,4,38
SSC21712,7,3,75,7,5,82
SSC21713,4,0,29,4,0,29
SSC21714,11,10,117,11,16,141
SSC21715,390,326,3412,405,341,3474
SSC21716,28,18,209,28,18,207
SSC21717,3,7,36,3,3,42
SSC21718,0,0,0,0,0,0
SSC21719,10,3,72,12,3,74
SSC21720,710,525,4603,734,560,4798
SSC21721,653,496,5287,666,527,5407
SSC21722,0,4,60,0,10,61
SSC21723,884,998,8530,906,1026,8670
SSC21724,787,732,6437,811,765,6595
SSC21725,139,97,1264,143,108,1318
SSC21726,0,3,20,3,3,20
SSC21727,0,10,30,4,10,34
SSC21728,9,3,161,9,3,161
SSC21729,3,0,39,3,0,42
SSC21730,1680,2374,13659,1743,2461,14041
SSC21731,6,7,70,6,7,74
SSC21732,5,5,72,5,5,68
SSC21733,0,0,20,0,0,20
SSC21734,638,774,5652,665,798,5824
SSC21735,0,0,0,0,0,0
SSC21736,10,6,83,10,6,83
SSC21737,10,4,82,10,4,83
SSC21738,0,8,25,0,8,25
SSC21739,0,3,32,0,3,34
SSC21740,3,0,3,3,0,3
SSC21741,6,3,83,12,3,92
SSC21742,143,76,1025,156,78,1063
SSC21743,2834,3209,21069,2935,3307,21503
SSC21744,904,865,7456,950,915,7745
SSC21745,13,8,123,13,8,123
SSC21746,3,6,74,3,6,77
SSC21747,23,9,167,25,13,184
SSC21748,753,1071,7841,776,1113,8027
SSC21749,0,5,31,0,8,34
SSC21750,84,63,743,91,63,776
SSC21751,2139,2026,22399,2221,2151,23245
SSC21752,0,0,0,0,0,0
SSC21753,17,7,119,17,8,120
SSC21754,0,0,4,0,0,4
SSC21755,114,98,1284,118,104,1334
SSC21756,0,0,3,0,0,3
SSC21757,1578,1563,13032,1680,1668,13620
SSC21758,11,11,128,11,9,127
SSC21759,0,3,26,0,3,26
SSC21760,50,56,745,61,71,808
SSC21761,0,0,6,0,0,6
SSC21762,0,0,16,0,0,20
SSC21763,3,0,27,3,0,27
SSC21764,11,0,52,11,0,49
SSC21765,0,0,0,0,0,0
SSC21766,38,70,230,499,387,2568
SSC21767,23,13,167,23,13,170
SSC21768,10,4,48,6,4,54
SSC21769,6,4,104,6,4,112
SSC21770,0,0,5,0,0,5
SSC21771,525,477,3201,580,500,3312
SSC21772,0,7,21,0,7,21
SSC21773,0,0,5,0,0,4
SSC21774,53,54,549,56,63,575
SSC21775,122,108,1175,128,119,1214
SSC21776,4,3,125,4,5,126
SSC21777,0,0,3,4,0,10
SSC21778,225,256,1501,232,261,1555
SSC21779,3,3,94,3,3,97
SSC21780,64,45,555,61,44,572
SSC21781,2027,857,16974,2091,906,17358
SSC21782,3,0,21,3,0,25
SSC21783,1305,1198,9243,1358,1246,9467
SSC21784,3,9,85,3,11,82
SSC21785,7,9,85,7,6,84
SSC21786,685,274,2823,903,292,3092
SSC21787,0,0,14,0,0,14
SSC21788,0,0,38,3,0,42
SSC21789,96,86,1263,102,96,1305
SSC21790,0,3,6,0,3,6
SSC21791,1864,1155,17423,1914,1210,17788
SSC21792,4,6,70,4,11,74
SSC21793,33,21,239,33,23,242
SSC21794,0,0,17,0,0,17
SSC21795,382,315,2067,397,329,2123
SSC21796,3,4,43,3,4,40
SSC21797,7,0,43,7,0,41
SSC21798,30,17,275,30,17,276
SSC21799,0,0,0,0,0,0
SSC21800,0,0,0,0,0,0
SSC21801,29,26,271,27,23,276
SSC21802,12,4,128,12,8,129
SSC21803,6,19,110,6,19,116
SSC21804,4527,3854,32386,4639,4009,33149
SSC21805,0,0,34,0,0,33
SSC21806,9,7,85,7,7,88
SSC21807,14,7,86,15,7,89
SSC21808,48,29,425,46,34,446
SSC21809,6,0,26,5,0,25
SSC21810,20,25,329,15,25,339
SSC21811,28,26,193,23,25,197
SSC21812,48,18,373,48,15,381
SSC21813,5,0,39,5,0,41
SSC21814,13,7,153,13,7,157
SSC21815,2209,2781,18735,2280,2866,19298
SSC21816,6,5,112,16,8,127
SSC21817,7,16,120,7,16,119
SSC21818,11,14,137,11,13,146
SSC21819,0,4,31,0,4,31
SSC21820,66,46,867,70,49,891
SSC21821,15,8,128,15,8,134
SSC21822,25,13,181,25,13,185
SSC21823,14,4,124,14,5,126
SSC21824,4,3,48,4,3,48
SSC21825,0,0,12,0,0,12
SSC21826,3,4,37,3,4,37
SSC21827,3,9,72,3,9,72
SSC21828,12,12,190,12,12,192
SSC21829,0,0,42,0,6,40
SSC21830,24,12,134,24,13,137
SSC21831,0,0,4,0,0,8
SSC21832,11,17,110,12,17,115
SSC21833,16,14,263,16,14,283
SSC21834,0,0,9,0,0,11
SSC21835,3,5,95,3,5,97
SSC21836,4,0,75,4,0,79
SSC21837,1260,1780,9592,1291,1831,9767
SSC21838,82,68,822,90,70,851
SSC21839,9,7,134,10,7,149
SSC21840,14,7,124,18,7,126
SSC21841,5,7,50,6,7,60
SSC21842,0,0,10,0,0,10
SSC21843,10,11,100,10,14,111
SSC21844,9,4,71,6,9,70
SSC21845,43,19,432,45,25,460
SSC21846,4,0,39,4,0,39
SSC21847,60,33,385,71,31,419
SSC21848,13,9,139,13,9,138
SSC21849,4,4,67,4,4,70
SSC21850,10,7,110,10,8,119
SSC21851,279,264,2986,298,273,3081
SSC21852,4,3,45,4,6,45
SSC21853,21,15,165,27,15,175
SSC21854,0,0,16,0,0,16
SSC21855,163,167,1759,176,181,1881
SSC21856,13,0,72,13,0,72
SSC21857,6,0,25,6,0,25
SSC21858,28,39,283,29,39,285
SSC21859,3,3,37,3,3,37
SSC21860,3,5,44,3,5,44
SSC21861,3,0,14,3,0,14
SSC21862,18,15,138,18,15,145
SSC21863,49,37,360,53,42,368
SSC21864,0,0,0,0,0,0
SSC21865,90,40,526,90,42,540
SSC21866,148,96,974,157,101,995
SSC21867,98,54,699,105,64,736
SSC21868,27,8,187,27,10,207
SSC21869,3,3,40,3,3,40
SSC21870,7,6,89,7,6,96
SSC21871,0,3,17,0,3,22
SSC21872,13,4,93,9,4,93
SSC21873,14,4,101,14,4,105
SSC21874,12,25,108,11,25,114
SSC21875,15,15,93,15,15,94
SSC21876,5,4,70,5,4,70
SSC21877,17,13,226,21,15,234
SSC21878,6,4,46,7,4,47
SSC21879,0,3,28,0,3,28
SSC21880,27,24,361,25,24,369
SSC21881,3880,3835,25778,3979,3977,26389
SSC21882,79,24,394,79,24,405
SSC21883,1322,613,7472,1341,631,7583
SSC21884,4844,3333,29599,4971,3422,30132
SSC21885,0,3,18,0,5,18
SSC21886,196,174,1769,203,184,1830
SSC21887,30,28,478,37,36,493
SSC21888,10,11,93,10,6,101
SSC21889,5,3,37,5,3,41
SSC21890,9,3,96,9,3,95
SSC21891,26,11,228,26,18,235
SSC21892,9,4,66,10,4,70
SSC21893,0,0,3,6,7,21
SSC21894,6,0,24,6,0,24
SSC21895,21,10,194,26,10,199
SSC21896,17,6,175,26,12,192
SSC21897,10,6,112,10,6,119
SSC21898,4,0,45,4,0,47
SSC21899,134,84,1244,136,94,1271
SSC21900,28,22,281,30,22,284
SSC21901,0,0,0,0,0,10
SSC21902,8,0,144,12,5,181
SSC21903,25,16,231,25,16,236
SSC21904,3,5,38,3,5,38
SSC21905,110,88,911,115,96,931
SSC21906,3,3,15,3,3,17
SSC21907,15,17,116,11,17,121
SSC21908,6,6,51,9,10,54
SSC21909,278,191,2285,289,196,2334
SSC21910,812,739,6355,885,785,6601
SSC21911,18,10,177,18,12,184
SSC21912,5,3,71,5,4,72
SSC21913,559,629,4282,586,655,4423
SSC21914,7,6,70,7,6,68
SSC21915,30,35,468,30,35,482
SSC21916,32,42,408,47,56,453
SSC21917,345,182,1800,367,196,1876
SSC21918,44,31,668,46,34,689
SSC21919,7,7,119,7,7,119
SSC21920,11,14,153,9,14,157
SSC21921,35,15,361,36,15,368
SSC21922,1222,1722,12416,1272,1774,12751
SSC21923,57,53,396,57,53,406
SSC21924,64,52,712,71,55,742
SSC21925,7,6,119,7,6,116
SSC21926,1223,1073,9542,1282,1135,9827
SSC21927,224,217,2059,239,233,2156
SSC21928,182,118,1483,190,123,1542
SSC21929,76,83,1014,85,90,1045
SSC21930,616,664,5293,631,692,5443
SSC21931,31,19,321,34,19,322
SSC21932,37,16,300,41,22,302
SSC21933,0,3,15,0,3,15
SSC21934,4,0,22,8,0,23
SSC21935,22,11,162,22,11,166
SSC21936,4,0,11,4,0,10
SSC21937,0,4,54,3,4,55
SSC21938,3,0,14,3,0,14
SSC21939,8,12,73,9,12,72
SSC21940,3989,6090,30119,4098,6267,30921
SSC21941,897,1012,7233,915,1051,7394
SSC21942,9,9,149,9,13,168
SSC21943,51,19,319,50,20,331
SSC21944,4,0,20,4,0,24
SSC21945,9,3,61,9,4,60
SSC21946,0,0,28,0,0,30
SSC21947,3,12,77,3,12,81
SSC21948,1152,1030,7933,1217,1085,8216
SSC21949,7,7,35,7,7,35
SSC21950,19,6,112,21,6,122
SSC21951,512,591,3873,540,666,4085
SSC21952,3,5,46,3,5,51
SSC21953,300,432,2861,318,447,3049
SSC21954,3854,3998,14308,4109,4218,15395
SSC21955,29,47,342,27,47,350
SSC21956,24,14,266,25,19,303
SSC21957,401,191,2832,406,199,2872
SSC21958,288,329,2658,300,354,2746
SSC21959,2449,4737,23465,2545,4911,24115
SSC21960,18,16,188,18,16,196
SSC21961,5,0,28,5,0,31
SSC21962,816,886,2975,841,893,3052
SSC21963,20,22,175,19,22,178
SSC21964,0,0,14,0,0,14
SSC21965,0,0,17,0,0,17
SSC21966,4,3,24,4,5,27
SSC21967,5,10,85,5,10,85
SSC21968,0,4,60,0,4,63
SSC21969,25,30,242,30,32,246
SSC21970,16,9,54,16,9,58
SSC21971,6,7,85,6,7,85
SSC21972,485,395,4187,502,420,4396
SSC21973,1279,1791,11443,1298,1820,11645
SSC21974,19,17,256,22,19,270
SSC21975,0,0,0,0,0,0
SSC21976,4,7,34,4,11,43
SSC21977,5,3,61,5,3,62
SSC21978,0,0,3,0,0,3
SSC21979,15,14,154,15,14,156
SSC21980,63,43,511,66,49,546
SSC21981,70,58,625,76,62,670
SSC21982,0,4,24,0,4,24
SSC21983,0,0,4,0,0,9
SSC21984,150,140,1476,156,146,1510
SSC21985,0,3,18,0,3,18
SSC21986,692,1143,6012,720,1162,6137
SSC21987,56,32,424,57,34,446
SSC21988,1065,1228,7620,1083,1270,7822
SSC21989,1051,1181,6222,1076,1209,6344
SSC21990,1081,1254,8978,1114,1285,9182
SSC21991,0,0,21,0,0,21
SSC21992,0,0,0,0,0,0
SSC21993,1233,1241,13102,1299,1302,13523
SSC21994,935,1518,6881,973,1537,7044
SSC21995,13,4,75,13,4,76
SSC21996,0,3,31,0,7,38
SSC21997,139,150,1643,147,158,1708
SSC21998,15,0,87,15,3,96
SSC21999,21,43,368,30,55,441
SSC22000,0,0,3,0,0,3
SSC22001,9,3,90,12,6,95
SSC22002,176,158,2053,187,172,2164
SSC22003,9,16,100,9,16,100
SSC22004,1084,1368,8150,1113,1399,8276
SSC22005,68,42,406,70,42,432
SSC22006,20,15,209,18,15,209
SSC22007,33,14,223,33,13,231
SSC22008,100,87,1112,107,98,1185
SSC22009,17,17,205,23,19,210
SSC22010,51,44,592,56,39,606
SSC22011,7,8,51,7,8,51
SSC22012,0,0,27,0,0,27
SSC22013,0,6,31,0,6,31
SSC22014,0,0,5,0,0,5
SSC22015,5531,7911,44759,5733,8136,45895
SSC22016,28,17,209,26,17,212
SSC22017,151,105,1119,154,104,1139
SSC22018,6,10,69,6,10,69
SSC22019,49,45,404,49,45,405
SSC22020,146,61,1011,153,75,1028
SSC22021,3,7,42,3,7,40
SSC22022,5,5,141,5,8,152
SSC22023,17,12,134,15,12,137
SSC22024,637,181,3640,650,197,3717
SSC22025,1351,1114,11254,1402,1150,11514
SSC22026,2858,1624,7122,3495,1841,9188
SSC22027,10,17,168,15,21,174
SSC22028,4,0,32,4,0,32
SSC22029,1818,3174,16474,1872,3253,16850
SSC22030,1193,1148,9728,1220,1171,9934
SSC22031,0,0,41,0,0,47
SSC22032,3,0,33,4,0,33
SSC22033,8,8,125,12,13,132
SSC22034,15,4,102,15,8,106
SSC22035,824,652,7187,860,688,7371
SSC22036,11,7,61,13,7,61
SSC22037,227,200,3147,235,216,3285
SSC22038,501,340,3658,520,355,3753
SSC22039,19,6,124,24,12,132
SSC22040,17,19,170,17,19,173
SSC22041,5,3,45,5,3,45
SSC22042,3,4,27,3,4,30
SSC22043,3,5,75,3,5,80
SSC22044,46,38,598,48,43,624
SSC22045,14,4,130,17,4,135
SSC22046,25,15,166,26,15,178
SSC22047,4,0,39,4,0,39
SSC22048,3,5,48,3,5,52
SSC22049,6,3,76,6,3,82
SSC22050,14,20,204,16,29,237
SSC22051,0,0,0,0,3,10
SSC22052,27,45,291,33,45,302
SSC22053,20,18,242,18,15,248
SSC22054,11,11,198,15,14,212
SSC22055,0,0,9,0,0,9
SSC22056,3,3,48,3,3,45
SSC22057,0,0,8,0,0,14
SSC22058,3,4,29,3,4,29
SSC22059,3,0,36,3,0,36
SSC22060,16,15,171,16,15,171
SSC22061,9,3,31,9,3,27
SSC22062,27,24,222,30,24,224
SSC22063,7,0,31,7,0,31
SSC22064,0,0,0,0,0,0
SSC22065,30,47,329,32,48,337
SSC22066,12,6,148,12,5,154
SSC22067,0,0,9,0,0,9
SSC22068,3,3,51,8,3,55
SSC22069,10,12,108,10,18,111
SSC22070,5,4,48,5,4,48
SSC22071,0,0,15,0,0,15
SSC22072,398,180,2289,399,185,2315
SSC22073,419,1262,4239,424,1277,4320
SSC22074,5055,8530,48663,5170,8672,49436
SSC22075,17,9,143,16,9,159
SSC22076,159,124,2364,172,137,2490
SSC22077,0,0,0,0,0,0
SSC22078,0,0,3,0,0,3
SSC22079,7,3,62,7,3,62
SSC22080,3,0,25,3,0,32
SSC22081,8,6,54,8,6,55
SSC22082,16,21,296,15,25,311
SSC22083,12,3,43,12,9,56
SSC22084,0,6,34,3,5,43
SSC22085,10,12,72,10,12,74
SSC22086,45,69,609,48,69,620
SSC22087,9,0,70,6,0,71
SSC22088,22,17,182,22,16,180
SSC22089,4,8,109,8,7,120
SSC22090,76,80,861,87,89,912
SSC22091,18,24,267,18,24,275
SSC22092,45,51,443,54,74,554
SSC22093,196,268,3030,218,296,3285
SSC22094,8,13,121,10,13,122
SSC22095,1054,2899,15348,1101,2993,15817
SSC22096,11,12,175,8,11,192
SSC22097,240,169,3323,261,194,3490
SSC22098,1017,864,8978,1092,931,9429
SSC22099,64,57,578,65,58,595
SSC22100,82,33,546,83,30,572
SSC22101,8,11,346,17,15,384
SSC22102,7,4,101,6,4,101
SSC22103,21,8,200,24,5,207
SSC22104,0,0,14,0,0,14
SSC22105,0,4,42,0,4,41
SSC22106,1433,4189,12265,1514,4320,12823
SSC22107,0,4,59,0,4,65
SSC22108,0,0,18,0,0,18
SSC22109,3792,6096,31569,3925,6335,32499
SSC22110,284,417,2011,303,436,2069
SSC22111,32,18,227,36,21,233
SSC22112,246,298,1046,357,391,1310
SSC22113,8,7,32,8,7,32
SSC22114,3,4,14,3,4,14
SSC22115,26,31,259,30,28,265
SSC22116,6,6,38,6,6,38
SSC22117,71,41,625,79,45,643
SSC22118,48,39,527,48,46,555
SSC22119,19,7,232,20,9,239
SSC22120,0,0,0,0,0,0
SSC22121,42,23,290,48,23,296
SSC22122,315,300,2218,322,306,2270
SSC22123,95,57,1152,102,61,1239
SSC22124,14,12,206,14,12,211
SSC22125,50,35,631,58,43,664
SSC22126,0,0,64,3,0,62
SSC22127,0,3,17,0,3,17
SSC22128,0,0,23,0,0,23
SSC22129,184,466,1155,184,466,1155
SSC22130,48,25,420,49,27,432
SSC22131,3,7,65,3,10,70
SSC22132,22,15,261,24,24,285
SSC22133,25,11,465,25,17,496
SSC22134,30,21,307,30,21,308
SSC22135,561,520,4762,599,549,4927
SSC22136,71,49,826,75,58,877
SSC22137,45,14,562,47,16,584
SSC22138,14,5,114,14,7,119
SSC22139,366,417,2733,388,438,2852
SSC22140,3,4,91,4,6,101
SSC22141,0,0,68,0,0,71
SSC22142,36,4,227,38,3,244
SSC22143,12,11,145,12,11,146
SSC22144,3,3,24,3,3,24
SSC22145,5,3,36,5,3,36
SSC22146,3,3,26,3,3,26
SSC22147,5,7,60,5,7,62
SSC22148,368,204,2524,377,215,2574
SSC22149,5371,9224,48831,5564,9474,50092
SSC22150,0,0,0,0,0,0
SSC22151,4,4,52,3,6,61
SSC22152,33,22,502,33,31,545
SSC22153,4,13,55,4,13,59
SSC22154,0,0,3,0,0,3
SSC22155,0,0,3,0,0,3
SSC22156,0,0,3,0,0,3
SSC22157,0,4,31,0,4,28
SSC22158,2921,8615,26287,3104,8984,27878
SSC22159,0,0,3,0,0,3
SSC22160,456,316,3728,468,330,3812
SSC22161,8,0,30,8,0,30
SSC22162,1832,2882,16794,1898,2975,17242
SSC22163,1114,1426,9882,1162,1491,10347
SSC22164,1199,898,9411,1224,939,9565
SSC22165,20,19,207,22,25,210
SSC22166,79,105,822,88,114,853
SSC22167,182,367,1498,187,380,1525
SSC22168,33,13,261,39,14,281
SSC22169,21,16,132,21,21,135
SSC22170,3,3,49,3,3,49
SSC22171,325,452,2948,349,473,3108
SSC22172,307,227,2879,329,249,2971
SSC22173,7,4,71,11,4,72
SSC22174,194,191,1478,207,203,1571
SSC22175,0,0,7,0,0,9
SSC22176,7,3,58,7,3,60
SSC22177,0,0,0,0,0,0
SSC22178,21,22,166,24,22,170
SSC22179,15,17,202,15,18,209
SSC22180,5,3,30,5,3,30
SSC22181,553,433,4533,569,449,4625
SSC22182,877,882,8170,908,909,8322
SSC22183,4,0,26,4,0,30
SSC22184,0,0,3,0,0,6
SSC22185,20,5,121,20,6,121
SSC22186,1128,1190,12387,1179,1265,12871
SSC22187,334,377,4613,365,418,4904
SSC22188,150,205,1574,154,218,1620
SSC22189,0,0,3,0,0,3
SSC22190,16,3,124,16,3,130
SSC22191,6,10,49,8,10,53
SSC22192,141,84,1096,153,94,1125
SSC22193,0,3,26,0,3,24
SSC22194,0,0,11,0,0,11
SSC22195,22,13,184,29,15,195
SSC22196,4999,3776,32582,5102,3884,33160
SSC22197,3721,2797,21405,3776,2864,21742
SSC22198,0,3,46,0,8,60
SSC22199,16,6,173,16,11,170
SSC22200,6,10,102,7,10,107
SSC22201,5,5,35,5,5,35
SSC22202,0,7,56,0,7,58
SSC22203,54,35,500,54,42,515
SSC22204,112,94,1260,118,95,1315
SSC22205,5,3,64,5,3,67
SSC22206,181,183,2223,187,191,2330
SSC22207,0,0,0,0,0,0
SSC22208,22,13,258,22,13,259
SSC22209,646,713,7721,699,767,8121
SSC22210,3,3,39,3,3,38
SSC22211,398,375,4399,421,397,4587
SSC22212,3,6,63,3,6,66
SSC22213,77,71,669,87,79,695
SSC22214,4,6,74,4,4,80
SSC22215,1460,1638,12684,1591,1767,13456
SSC22216,3,3,21,3,3,21
SSC22217,6,3,49,6,3,49
SSC22218,92,105,1113,92,137,1286
SSC22219,11,5,135,11,5,135
SSC22220,0,0,5,0,0,10
SSC22221,493,626,4752,505,645,4838
SSC22222,5,3,79,4,3,87
SSC22223,1060,885,9736,1079,930,10009
SSC22224,18,5,163,26,5,172
SSC22225,10,13,216,10,13,242
SSC22226,0,0,0,0,0,0
SSC22227,60,48,588,63,49,603
SSC22228,121,77,996,124,79,1010
SSC22229,3,10,82,15,23,136
SSC22230,82,82,704,89,87,719
SSC22231,792,707,5836,828,732,5958
SSC22232,11,3,78,11,3,80
SSC22233,21,7,240,42,13,275
SSC22234,25,23,225,29,22,227
SSC22235,33,48,598,34,52,628
SSC22236,607,697,4979,618,715,5072
SSC22237,0,0,20,0,0,20
SSC22238,1517,2316,15730,1594,2386,16148
SSC22239,181,191,1823,186,200,1885
SSC22240,24,21,295,26,23,312
SSC22241,15,7,147,20,7,153
SSC22242,4,4,113,6,8,116
SSC22243,22,18,208,23,17,216
SSC22244,1408,1393,9547,1482,1457,9890
SSC22245,487,1110,4940,501,1142,5048
SSC22246,73,23,518,76,22,533
SSC22247,205,165,1583,207,172,1611
SSC22248,0,0,0,0,0,0
SSC22249,0,0,17,0,0,18
SSC22250,16,18,182,14,18,195
SSC22251,11,13,105,11,13,107
SSC22252,330,242,2275,338,241,2315
SSC22253,102,95,767,109,98,788
SSC22254,805,595,5967,835,646,6235
SSC22255,14,28,170,14,28,168
SSC22256,0,0,7,0,0,8
SSC22257,9,11,106,7,11,112
SSC22258,6,0,28,6,0,28
SSC22259,3,3,30,4,3,30
SSC22260,47,30,427,52,37,440
SSC22261,30,23,246,30,23,249
SSC22262,0,0,3,0,0,3
SSC22263,3,0,61,10,0,66
SSC22264,3745,4082,29446,4023,4338,31148
SSC22265,151,104,1079,149,105,1100
SSC22266,146,148,992,152,143,1011
SSC22267,34,9,254,39,12,260
SSC22268,40,29,533,47,31,573
SSC22269,0,0,11,0,0,14
SSC22270,149,111,1152,163,118,1182
SSC22271,10,13,175,15,11,199
SSC22272,71,55,535,72,57,545
SSC22273,3,0,38,3,0,38
SSC22274,9,0,66,9,0,63
SSC22275,4,5,132,12,11,171
SSC22276,0,0,7,0,0,7
SSC22277,9,3,61,9,3,61
SSC22278,3,0,26,3,0,25
SSC22279,50,29,541,50,31,567
SSC22280,1129,1076,7823,1161,1105,7971
SSC22281,0,3,35,0,3,35
SSC22282,14,19,220,13,22,230
SSC22283,8,17,199,15,19,216
SSC22284,50,24,355,49,27,364
SSC22285,0,0,26,0,3,33
SSC22286,3,0,46,3,3,50
SSC22287,198,78,1390,206,82,1423
SSC22288,101,104,979,110,106,1014
SSC22289,0,0,0,0,0,0
SSC22290,83,56,701,84,59,717
SSC22291,345,387,2658,358,406,2757
SSC22292,135,73,1483,151,77,1576
SSC22293,0,0,0,0,0,0
SSC22294,1467,1330,10807,1531,1373,11062
SSC22295,54,44,1326,69,74,1522
SSC22296,51,65,440,52,62,447
SSC22297,117,190,941,126,202,965
SSC22298,173,375,1896,181,386,1933
SSC22299,1010,2522,10317,1081,2612,10757
SSC22300,3075,3351,23450,3157,3445,23874
SSC22301,15,8,107,15,8,104
SSC22302,10,29,94,36,96,562
SSC22303,3614,8383,23760,3821,8781,25237
SSC22304,3855,7303,17897,4262,8113,22397
SSC22305,3,6,114,7,12,124
SSC22306,0,0,31,0,0,31
SSC22307,6,7,80,6,11,86
SSC22308,203,449,2506,210,467,2578
SSC22309,348,261,2822,370,267,2893
SSC22310,21,13,181,21,18,186
SSC22311,33,4,105,33,4,112
SSC22312,0,5,26,0,5,26
SSC22313,0,0,3,3,0,7
SSC22314,30,10,174,35,14,208
SSC22315,34,14,326,37,18,337
SSC22316,10,4,168,10,4,176
SSC22317,3305,4004,21072,3371,4136,21572
SSC22318,1880,1960,12381,1921,2014,12653
SSC22319,5369,6335,36135,5568,6643,37629
SSC22320,551,487,4603,581,527,4775
SSC22321,161,103,1158,173,110,1195
SSC22322,84,63,816,83,60,838
SSC22323,197,188,2076,201,201,2156
SSC22324,6,0,84,6,0,84
SSC22325,0,0,47,0,0,47
SSC22326,3,4,49,3,4,49
SSC22327,7,3,78,13,6,80
SSC22328,420,260,2808,424,268,2846
SSC22329,4,0,49,6,3,48
SSC22330,4,0,41,4,0,41
SSC22331,16,10,123,16,8,124
SSC22332,1994,6567,19211,2154,6880,20417
SSC22333,1443,3383,12575,1492,3478,12983
SSC22334,269,737,2976,280,761,3086
SSC22335,162,154,2248,174,169,2409
SSC22336,3,4,30,3,4,32
SSC22337,3,0,37,3,0,44
SSC22338,36,17,276,36,17,277
SSC22339,66,49,790,72,55,812
SSC22340,19,16,317,24,22,336
SSC22341,13,4,94,13,4,96
SSC22342,0,3,33,0,3,33
SSC22343,649,582,5655,696,618,5889
SSC22344,30,16,222,28,15,232
SSC22345,5,4,52,4,4,52
SSC22346,10,12,93,10,15,106
SSC22347,0,0,0,0,0,0
SSC22348,4,7,53,4,4,60
SSC22349,3,0,49,3,0,49
SSC22350,5,7,77,5,7,74
SSC22351,0,5,41,0,5,45
SSC22352,0,0,6,0,0,6
SSC22353,25,28,269,27,28,277
SSC22354,3,3,45,3,3,45
SSC22355,18,20,160,22,20,169
SSC22356,6,0,80,6,8,84
SSC22357,0,0,4,0,0,4
SSC22358,277,287,2441,282,300,2509
SSC22359,14,5,151,15,5,166
SSC22360,16,7,126,14,8,139
SSC22361,11,10,269,14,10,282
SSC22362,751,435,5315,790,481,5555
SSC22363,27,9,173,27,17,180
SSC22364,13,12,164,13,16,168
SSC22365,650,534,5183,678,548,5283
SSC22366,10,3,87,5,3,95
SSC22367,3,0,22,0,0,19
SSC22368,131,107,1009,139,114,1044
SSC22369,1129,737,8050,1152,756,8227
SSC22370,98,113,971,102,116,995
SSC22371,9,17,146,14,14,150
SSC22372,10,4,90,10,4,99
SSC22373,6,0,71,6,0,82
SSC22374,0,0,14,0,0,17
SSC22375,24,5,222,24,8,223
SSC22376,0,0,0,0,0,0
SSC22377,21,15,214,22,15,221
SSC22378,0,0,0,0,0,0
SSC22379,4756,4449,34616,4911,4595,35449
SSC22380,44,27,300,48,27,310
SSC22381,14,28,212,14,35,232
SSC22382,32,47,407,39,47,420
SSC22383,1210,2032,9315,1245,2100,9558
SSC22384,1693,1812,11302,1741,1883,11647
SSC22385,2434,3003,18069,2505,3085,18568
SSC22386,27,46,475,33,54,512
SSC22387,1826,1376,12984,1871,1432,13268
SSC22388,0,0,19,0,0,19
SSC22389,16,6,108,16,6,117
SSC22390,0,0,0,0,0,0
SSC22391,10,5,124,10,3,128
SSC22392,5,0,50,5,6,53
SSC22393,1265,1308,10184,1378,1419,10875
SSC22394,0,0,4,0,0,4
SSC22395,0,0,0,0,0,0
SSC22396,17,11,120,19,11,123
SSC22397,47,60,684,47,62,710
SSC22398,7,17,186,13,18,200
SSC22399,0,3,18,0,3,18
SSC22400,0,4,13,0,4,13
SSC22401,27,26,266,28,26,274
SSC22402,1592,1717,10541,1608,1772,10731
SSC22403,0,0,17,0,0,17
SSC22404,0,0,0,0,0,0
SSC22405,13,10,122,16,13,128
SSC22406,0,7,39,0,7,39
SSC22407,16,21,302,18,16,317
SSC22408,3,3,33,3,0,36
SSC22409,0,0,20,0,0,20
SSC22410,4,0,20,4,0,20
SSC22411,47,16,418,47,22,423
SSC22412,18,13,204,18,15,205
SSC22413,3,10,73,3,10,80
SSC22414,78,100,989,87,110,1043
SSC22415,12,0,48,9,0,54
SSC22416,15,13,138,15,15,143
SSC22417,20,16,189,21,16,198
SSC22418,69,67,683,71,67,714
SSC22419,52,56,549,56,59,561
SSC22420,0,4,17,0,4,17
SSC22421,31,15,305,33,16,314
SSC22422,0,0,11,0,0,19
SSC22423,0,0,0,0,0,0
SSC22424,9,5,94,10,5,95
SSC22425,3,0,43,3,0,43
SSC22426,6,4,34,6,4,34
SSC22427,4,0,17,4,0,21
SSC22428,6,5,46,6,5,52
SSC22429,53,46,516,56,53,539
SSC22430,0,0,0,0,0,0
SSC22431,0,0,5,0,0,18
SSC22432,65,37,504,66,37,513
SSC22433,3,0,26,3,3,30
SSC22434,0,0,13,0,0,13
SSC22435,41,23,423,41,25,438
SSC22436,5,3,36,8,5,33
SSC22437,0,7,21,0,7,21
SSC22438,5,4,122,5,4,133
SSC22439,3839,7395,33798,3945,7545,34372
SSC22440,9,10,82,13,9,87
SSC22441,0,3,17,0,5,23
SSC22442,4,4,71,4,5,83
SSC22443,0,4,27,0,10,25
SSC22444,10,5,79,10,6,79
SSC22445,0,3,72,3,3,74
SSC22446,31,33,350,36,33,362
SSC22447,3,0,17,0,0,23
SSC22448,6,0,62,6,0,67
SSC22449,6,3,37,6,3,37
SSC22450,20,9,286,20,9,291
SSC22451,11,5,66,11,5,67
SSC22452,3,3,54,3,3,54
SSC22453,24,18,322,24,23,336
SSC22454,21,15,269,24,15,278
SSC22455,457,484,4328,477,507,4474
SSC22456,19,13,141,22,13,146
SSC22457,6,6,122,8,6,126
SSC22458,42,27,504,42,28,541
SSC22459,46,39,764,66,60,936
SSC22460,0,3,30,0,3,41
SSC22461,1849,1954,14590,1868,1985,14774
SSC22462,2555,1603,15114,2587,1655,15422
SSC22463,7,6,60,7,5,63
SSC22464,240,216,1997,249,224,2040
SSC22465,0,0,17,0,0,17
SSC22466,0,0,16,0,0,16
SSC22467,162,181,1650,164,191,1695
SSC22468,3,10,66,3,10,66
SSC22469,4,0,24,9,0,29
SSC22470,3,17,43,3,16,52
SSC22471,2027,1629,16021,2067,1690,16305
SSC22472,1383,1288,12969,1406,1322,13233
SSC22473,3,9,45,3,9,45
SSC22474,15,17,170,15,17,176
SSC22475,7,0,52,7,0,51
SSC22476,242,188,2115,251,193,2188
SSC22477,4,5,52,4,5,52
SSC22478,0,0,22,0,0,22
SSC22479,0,0,11,0,0,11
SSC22480,0,0,6,0,0,6
SSC22481,11,0,112,11,7,111
SSC22482,4,3,66,3,3,68
SSC22483,0,4,10,0,4,10
SSC22484,478,515,4205,499,538,4312
SSC22485,0,0,10,0,0,10
SSC22486,16,12,177,12,12,184
SSC22487,0,0,27,0,0,27
SSC22488,3,3,79,7,3,93
SSC22489,91,77,995,96,83,1018
SSC22490,24,5,140,23,7,142
SSC22491,0,0,8,0,0,8
SSC22492,2390,3207,19934,2473,3303,20441
SSC22493,0,0,0,0,0,0
SSC22494,207,276,1527,230,296,1595
SSC22495,15,4,126,15,3,133
SSC22496,1855,3668,17806,1919,3793,18292
SSC22497,17,23,261,23,23,283
SSC22498,49,46,446,57,54,459
SSC22499,3,6,30,3,6,30
SSC22500,5,3,78,5,3,78
SSC22501,40,23,195,40,23,194
SSC22502,0,0,0,0,0,0
SSC22503,123,79,1106,123,85,1159
SSC22504,3,11,48,3,11,48
SSC22505,11,5,89,11,6,95
SSC22506,7,3,59,7,3,57
SSC22507,3,4,24,3,4,24
SSC22508,42,24,257,41,26,280
SSC22509,7,4,46,7,4,46
SSC22510,4,0,52,4,0,56
SSC22511,0,0,3,0,0,3
SSC22512,26,10,130,26,19,143
SSC22513,20,25,417,27,25,433
SSC22514,0,0,0,0,0,0
SSC22515,205,192,1819,221,207,1881
SSC22516,0,0,11,0,0,11
SSC22517,8,5,58,8,5,58
SSC22518,12,11,199,12,11,208
SSC22519,0,0,20,3,0,17
SSC22520,29,26,273,30,26,286
SSC22521,71,75,724,82,75,740
SSC22522,14,11,110,12,11,111
SSC22523,41,12,323,51,16,336
SSC22524,88,61,697,95,60,716
SSC22525,11,7,162,18,12,174
SSC22526,0,0,0,0,0,0
SSC22527,0,11,55,0,9,63
SSC22528,13,7,84,13,7,95
SSC22529,0,0,0,0,0,0
SSC22530,99,146,953,100,151,976
SSC22531,54,57,632,58,62,661
SSC22532,10,8,103,9,8,103
SSC22533,149,151,1491,150,153,1519
SSC22534,1480,1948,12070,1560,2046,12556
SSC22535,34,35,332,44,35,348
SSC22536,0,0,0,0,0,0
SSC22537,244,271,2648,261,287,2813
SSC22538,1155,1364,12340,1209,1444,12854
SSC22539,3,0,26,3,0,27
SSC22540,21,21,255,25,27,268
SSC22541,6,0,50,6,0,50
SSC22542,0,0,24,0,0,24
SSC22543,0,0,0,0,0,0
SSC22544,0,0,6,0,0,6
SSC22545,0,5,34,3,5,42
SSC22546,0,0,11,0,0,11
SSC22547,4,0,11,4,0,11
SSC22548,0,0,0,0,0,0
SSC22549,4,8,76,4,11,81
SSC22550,10,10,117,10,12,125
SSC22551,4,3,34,4,3,34
SSC22552,394,435,3676,409,449,3774
SSC22553,53,23,415,57,27,425
SSC22554,16,6,256,19,8,268
SSC22555,5,6,98,12,6,99
SSC22556,2859,3338,23367,3052,3559,24605
SSC22557,205,127,1615,213,127,1640
SSC22558,57,45,525,59,50,532
SSC22559,477,893,2373,505,921,2461
SSC22560,17,10,125,17,9,129
SSC22561,9,4,108,12,12,125
SSC22562,3,0,26,3,0,31
SSC22563,0,15,68,0,15,68
SSC22564,87,46,1073,91,53,1110
SSC22565,15,9,143,15,10,153
SSC22566,25,21,190,34,22,196
SSC22567,17,24,142,17,25,147
SSC22568,4,3,63,4,3,63
SSC22569,2032,5806,20317,2079,5906,20646
SSC22570,0,0,4,0,0,6
SSC22571,35,15,311,35,15,318
SSC22572,0,0,3,0,0,3
SSC22573,674,1178,6356,723,1245,6783
SSC22574,25,38,361,25,45,372
SSC22575,0,0,0,0,0,0
SSC22576,0,0,26,0,0,29
SSC22577,0,0,3,0,0,3
SSC22578,4,4,31,3,4,29
SSC22579,0,0,20,0,0,20
SSC22580,13,4,65,13,4,72
SSC22581,440,361,3177,468,376,3272
SSC22582,0,0,3,0,0,3
SSC22583,100,70,758,107,74,784
SSC22584,43,60,500,48,61,516
SSC22585,68,31,444,73,31,458
SSC22586,51,27,408,55,32,416
SSC22587,16,19,140,16,19,140
SSC22588,39,25,260,41,28,293
SSC22589,25,11,202,25,11,207
SSC22590,5,3,27,5,3,27
SSC22591,0,3,13,3,3,16
SSC22592,0,0,11,0,0,11
SSC22593,4,3,31,4,3,31
SSC22594,3,9,36,3,9,36
SSC22595,16,11,159,17,15,167
SSC22596,0,0,3,0,0,3
SSC22597,0,0,16,0,0,16
SSC22598,63,37,426,67,42,448
SSC22599,10,17,207,18,21,220
SSC22600,5,3,51,5,3,51
SSC22601,371,399,3261,393,437,3478
SSC22602,8,9,94,8,9,94
SSC22603,4,6,110,4,6,115
SSC22604,40,15,310,40,21,315
SSC22605,0,3,38,0,3,36
SSC22606,0,0,18,0,0,18
SSC22607,838,668,6336,872,695,6501
SSC22608,17,10,142,17,11,153
SSC22609,0,7,50,3,7,52
SSC22610,5,3,55,5,3,58
SSC22611,21,13,160,21,13,160
SSC22612,59,47,739,62,52,798
SSC22613,46,52,860,51,75,999
SSC22614,1072,1091,10048,1097,1116,10239
SSC22615,1603,994,11263,1632,1036,11503
SSC22616,0,3,34,0,4,38
SSC22617,3,0,45,3,0,51
SSC22618,0,0,17,0,0,17
SSC22619,8,6,74,8,6,74
SSC22620,714,548,6650,733,561,6769
SSC22621,11,10,155,13,10,154
SSC22622,58,67,810,62,76,829
SSC22623,6,3,39,6,3,38
SSC22624,5,0,28,4,0,27
SSC22625,0,4,38,0,4,43
SSC22626,56,43,375,63,43,393
SSC22627,0,0,25,0,0,24
SSC22628,0,3,11,0,3,14
SSC22629,0,0,0,0,0,0
SSC22630,0,4,37,0,4,37
SSC22631,131,87,1016,139,86,1054
SSC22632,4,0,79,4,0,81
SSC22633,0,7,33,0,7,37
SSC22634,7,6,78,7,6,78
SSC22635,8,7,40,8,7,40
SSC22636,0,3,31,0,3,34
SSC22637,63,27,579,71,27,587
SSC22638,0,3,22,0,3,30
SSC22639,0,0,0,0,0,0
SSC22640,0,4,68,4,6,86
SSC22641,0,0,5,0,0,8
SSC22642,0,0,0,0,4,8
SSC22643,24,22,188,25,22,195
SSC22644,8,6,111,8,7,115
SSC22645,0,0,3,0,0,4
SSC22646,0,3,16,0,3,16
SSC22647,0,3,9,0,5,15
SSC22648,1365,1692,10678,1419,1733,10953
SSC22649,0,9,37,0,9,37
SSC22650,150,53,1293,153,62,1361
SSC22651,3,9,36,3,9,36
SSC22652,21,14,209,21,14,222
SSC22653,16,15,141,16,15,138
SSC22654,10,6,145,14,9,158
SSC22655,9,8,162,9,8,170
SSC22656,295,163,1906,305,170,1938
SSC22657,9,10,69,9,10,69
SSC22658,28,41,425,27,44,439
SSC22659,55,29,396,57,34,405
SSC22660,388,360,2873,398,372,2930
SSC22661,7,7,48,9,7,47
SSC22662,8,4,99,8,4,99
SSC22663,194,121,1303,203,121,1328
SSC22664,0,0,0,0,0,0
SSC22665,20,11,202,24,10,215
SSC22666,0,0,9,0,0,8
SSC22667,1842,1833,16987,1975,1982,17897
SSC22668,42,34,477,49,42,500
SSC22669,0,0,5,0,0,5
SSC22670,40,17,222,40,17,222
SSC22671,10,4,100,10,5,107
SSC22672,1563,1623,13325,1604,1700,13995
SSC22673,2639,2346,18621,2705,2441,19081
SSC22674,29,9,298,28,18,317
SSC22675,7,0,51,7,0,51
SSC22676,189,136,1908,201,142,1989
SSC22677,6,7,69,6,6,71
SSC22678,11,0,65,11,0,71
SSC22679,0,3,16,0,3,16
SSC22680,15,19,116,19,14,124
SSC22681,0,0,4,0,0,4
SSC22682,52,64,496,52,62,511
SSC22683,0,0,34,0,0,36
SSC22684,229,216,2282,244,225,2372
SSC22685,1832,1678,14765,1934,1767,15284
SSC22686,41,17,245,43,17,253
SSC22687,0,0,20,0,0,20
SSC22688,10,5,66,9,5,66
SSC22689,769,382,5225,790,416,5368
SSC22690,116,30,633,126,36,648
SSC22691,755,399,4617,775,418,4700
SSC22692,0,0,19,0,0,19
SSC22693,4,13,133,10,14,141
SSC22694,78,52,643,85,59,689
SSC22695,0,0,17,0,0,17
SSC22696,27,13,182,27,13,182
SSC22697,3644,3377,27750,3899,3599,29176
SSC22698,0,4,28,0,4,30
SSC22699,5,7,72,6,7,71
SSC22700,7,0,71,3,7,77
SSC22701,8,7,110,8,7,110
SSC22702,4,3,18,4,3,18
SSC22703,6,0,41,6,0,41
SSC22704,22,43,193,23,47,190
SSC22705,0,0,11,3,0,15
SSC22706,7,10,106,7,10,109
SSC22707,376,219,2380,381,223,2427
SSC22708,521,732,5029,549,750,5171
SSC22709,424,454,3654,433,466,3711
SSC22710,12,10,51,12,10,57
SSC22711,14,13,168,18,13,176
SSC22712,0,0,0,0,0,0
SSC22713,10,0,85,12,0,85
SSC22714,304,185,1870,315,190,1904
SSC22715,0,0,6,0,0,6
SSC22716,28,12,260,28,15,267
SSC22717,1388,519,4818,1649,554,5198
SSC22718,7,0,26,7,0,26
SSC22719,3,0,44,3,0,44
SSC22720,89,45,874,98,47,916
SSC22721,3,0,20,3,0,20
SSC22722,3,3,39,3,5,35
SSC22723,0,0,9,0,0,9
SSC22724,8,5,58,8,5,58
SSC22725,7,7,109,7,7,113
SSC22726,3,0,35,3,0,34
SSC22727,5,16,126,10,16,124
SSC22728,22,8,219,21,10,221
SSC22729,32,40,303,38,41,323
SSC22730,10,24,110,10,27,113
SSC22731,1276,1201,9817,1352,1270,10197
SSC22732,9,6,92,8,6,92
SSC22733,0,0,0,0,0,0
SSC22734,10,4,56,8,7,60
SSC22735,3,0,44,3,0,44
SSC22736,5156,6040,38879,5356,6269,40143
SSC22737,157,214,1676,166,243,1788
SSC22738,10,6,101,10,11,116
SSC22739,136,84,969,142,93,1011
SSC22740,46,39,361,50,41,372
SSC22741,13,9,107,13,10,117
SSC22742,1295,2598,11045,1344,2663,11347
SSC22743,1076,2127,5340,1117,2207,5588
SSC22744,1743,1765,13711,1893,1861,14281
SSC22745,15,10,154,15,15,158
SSC22746,0,8,26,0,8,26
SSC22747,729,831,5628,757,869,5780
SSC22748,3,3,32,3,3,32
SSC22749,6,8,100,6,9,104
SSC22750,46,33,442,46,36,456
SSC22751,10,12,227,9,12,231
SSC22752,2354,1738,19026,2397,1823,19369
SSC22753,0,0,10,0,0,10
SSC22754,0,0,30,0,0,30
SSC22755,419,420,3027,451,443,3157
SSC22756,37,20,321,39,21,342
SSC22757,3,0,27,3,0,27
SSC22758,9,6,208,8,15,213
SSC22759,0,0,35,0,0,35
SSC22760,487,354,3709,513,374,3842
SSC22761,703,592,5404,735,609,5552
SSC22762,3,3,17,3,3,17
SSC22763,33,26,355,34,25,361
SSC22764,6,8,76,9,10,82
SSC22765,9,9,43,9,9,43
SSC22766,3,3,42,3,3,43
SSC22767,7,12,109,7,12,111
SSC22768,28,10,161,28,10,178
SSC22769,3,8,62,3,8,63
SSC22770,20,11,205,20,18,224
SSC22771,10,3,43,10,3,49
SSC22772,5,3,30,5,3,30
SSC22773,0,3,41,0,3,49
SSC22774,34,32,490,38,33,524
SSC22775,0,3,30,0,3,30
SSC22776,0,0,9,0,0,9
SSC22777,641,1708,6509,656,1744,6607
SSC22778,1651,1105,13320,1707,1172,13869
SSC22779,180,208,1517,189,210,1556
SSC22780,56,47,555,61,47,567
SSC22781,25,15,199,32,15,204
SSC22782,0,0,7,0,0,7
SSC22783,4,6,66,4,10,71
SSC22784,13,11,135,15,18,145
SSC22785,11,8,69,10,8,70
SSC22786,0,0,7,3,3,20
SSC22787,38,37,335,38,35,351
SSC22788,173,183,1832,188,196,1905
SSC22789,19,13,166,19,15,183
SSC22790,8,5,88,10,5,94
SSC22791,717,2406,6922,757,2469,7257
SSC22792,0,0,4,0,0,4
SSC22793,3,0,25,3,4,24
SSC22794,0,0,16,0,0,16
SSC22795,0,0,7,0,0,7
SSC22796,0,8,22,0,8,22
SSC22797,0,4,20,0,4,24
SSC22798,7,8,74,7,6,72
SSC22799,49,33,351,48,38,362
SSC22800,16,12,96,16,11,98
SSC22801,0,0,7,0,0,7
SSC22802,0,0,3,3,0,4
SSC22803,14,13,148,14,13,156
SSC22804,2320,2488,17641,2515,2646,18582
SSC22805,880,2426,8888,915,2473,9053
SSC22806,6,0,25,6,3,32
SSC22807,3,3,40,4,3,41
SSC22808,23,11,218,24,10,219
SSC22809,0,0,38,0,0,38
SSC22810,661,245,3619,679,260,3695
SSC22811,0,6,38,0,6,39
SSC22812,0,0,0,0,0,0
SSC22813,0,0,0,0,0,0
SSC22814,467,376,4585,508,393,4784
SSC22815,3,6,103,3,6,107
SSC22816,0,0,29,0,3,31
SSC22817,5,7,80,5,7,81
SSC22818,598,380,5526,624,397,5709
SSC22819,29,13,293,29,13,295
SSC22820,0,3,36,0,3,36
SSC22821,43,14,340,43,20,348
SSC22822,0,9,40,0,9,38
SSC22823,3,0,33,3,0,33
SSC22824,7,12,122,9,11,133
SSC22825,0,0,30,0,3,36
SSC22826,37,20,333,37,18,350
SSC22827,3,3,82,3,3,82
SSC22828,12,11,137,12,11,140
SSC22829,0,10,23,0,10,30
SSC22830,4,7,41,4,7,48
SSC22831,38,33,407,42,42,422
SSC22832,0,5,35,0,5,35
SSC22833,12,14,192,12,14,205
SSC22834,0,0,4,0,0,10
SSC22835,0,0,4,0,0,4
SSC22836,50,29,416,52,29,425
SSC22837,9,8,184,9,10,197
SSC22838,32,14,316,30,14,320
SSC22839,8,4,38,8,5,37
SSC22840,0,3,53,0,3,53
SSC22841,9,3,86,9,3,87
SSC22842,338,400,2795,349,435,2910
SSC22843,31,21,249,31,21,256
SSC22844,14,10,84,14,5,107
SSC22845,39,34,340,45,34,348
SSC22846,9,21,161,9,18,166
SSC22847,0,3,22,0,3,22
SSC22848,0,0,11,0,0,11
SSC22849,5,3,39,5,3,39
SSC22850,0,0,0,0,0,0
SSC22851,0,0,0,0,0,0
SSC22852,0,0,0,0,0,0
SSC22853,0,0,0,0,0,4
SSC22854,11,10,92,11,10,91
SSC22855,0,4,10,0,4,10
SSC22856,0,0,7,0,0,7
SSC22857,0,0,0,0,0,0
SSC22858,43,27,299,49,33,322
SSC22859,17,9,134,18,9,142
SSC22860,137,87,1034,140,95,1072
SSC22861,158,148,1542,169,150,1580
SSC22862,41,48,606,43,50,624
SSC22863,0,0,12,0,0,9
SSC22864,0,0,31,0,0,31
SSC22865,0,5,9,0,5,9
SSC22866,0,9,39,0,12,55
SSC22867,3,4,37,6,4,41
SSC22868,2683,4397,22566,2774,4515,23093
SSC22869,24,25,246,24,25,261
SSC22870,20,6,93,20,6,99
SSC22871,7,11,80,7,9,85
SSC22872,15,11,94,15,13,94
SSC22873,4,3,28,4,3,28
SSC22874,152,111,1697,167,114,1763
SSC22875,21,17,191,21,17,190
SSC22876,0,3,14,3,3,17
SSC22877,574,533,3955,624,601,4162
SSC22878,15,12,140,15,9,142
SSC22879,208,156,1443,214,172,1492
SSC22880,0,0,0,0,0,0
SSC22881,26,7,252,26,13,258
SSC22882,8,14,103,8,14,103
SSC22883,27,33,248,27,37,248
SSC22884,4,11,58,4,11,59
SSC22885,23,26,228,31,23,245
SSC22886,4,0,36,5,0,41
SSC22887,10,8,145,10,7,154
SSC22888,0,0,22,0,0,25
SSC22889,18,9,109,14,12,121
SSC22890,0,0,0,0,0,0
SSC22891,34,21,232,33,26,229
SSC22892,27,21,196,27,18,208
SSC22893,14,11,155,14,12,158
SSC22894,13,3,64,17,3,66
SSC22895,332,346,2731,352,374,2852
SSC22896,268,278,2425,283,295,2522
SSC22897,0,0,17,0,0,21
SSC22898,156,191,1565,166,205,1621
SSC22899,16,9,160,20,9,168
SSC22900,202,194,1993,211,211,2072
SSC22901,253,114,1510,257,124,1542
SSC22902,1345,2575,14385,1391,2626,14733
SSC22903,3,3,82,9,3,89
SSC22904,652,622,7212,705,670,7630
SSC22905,0,3,14,0,3,11
SSC22906,62,44,519,65,45,531
SSC22907,0,4,28,0,4,28
SSC22908,0,0,0,0,0,0
SSC22909,132,99,1472,145,107,1553
SSC22910,67,50,502,74,49,512
SSC22911,34,31,305,37,31,320
SSC22912,34,26,293,34,27,289
SSC22913,12,8,135,12,9,144
SSC22914,11,3,109,11,8,112
SSC22915,11,10,100,11,10,107
SSC22916,0,0,30,0,0,30
SSC22917,0,3,16,0,5,17
SSC22918,9,10,79,6,10,79
SSC22919,114,83,829,127,90,863
SSC22920,75,40,648,78,42,658
SSC22921,0,0,0,0,0,0
SSC22922,9,4,58,9,4,55
SSC22923,4,3,31,4,6,38
SSC22924,14,3,116,14,10,124
SSC22925,0,12,42,0,12,43
SSC22926,20,8,130,17,11,134
SSC22927,0,0,37,0,0,43
SSC22928,19,0,138,19,3,143
SSC22929,0,0,0,0,0,3
SSC29494,0,0,0,0,0,0
SSC29797,0,4,26,16,66,349
